;Title, http://www.gcdataconcepts.com, HAM-IMU, MPU-9250
;Version, 1191, Build date, Nov 15 2016,  SN:CCDC30163044EA8
;Start_time, 2017-11-29, 14:16:23.595
;Temperature, -999.00, deg C,  Vbat, 3796, mv
;MPU SR, 200,Hz,  Accel sens, 2048,counts/g, Gyro sens, 16,counts/dps,  Mag SR, 10,Hz,  Mag sens, 1666,counts/mT
;Deadband, 0, counts
;DeadbandTimeout, 5,sec
;Time, Ax, Ay, Az, Gx, Gy, Gz, Qw, Qx, Qy, Qz, Mx, My, Mz, T
0.003082,-46,245,-2050,6,19,-19,15316.867,584.722,4787.776,-3250.278,385,-254,-190,26394
0.003418,-50,237,-2100,7,14,-21,15318.662,586.214,4778.675,-3254.943
0.014252,-57,235,-2080,7,18,-23,15320.403,587.912,4769.729,-3259.561,383,-261,-195
0.014588,-75,231,-2075,8,19,-20,15322.067,589.566,4761.050,-3264.127
0.033936,-60,239,-2116,7,20,-20,15323.785,591.202,4752.215,-3268.633,387,-264,-191
0.034271,-59,254,-2050,9,17,-20,15325.606,593.017,4743.093,-3273.017
0.053833,-73,235,-2108,8,20,-20,15327.425,594.488,4734.047,-3277.326,387,-264,-191
0.054199,-68,250,-2062,8,19,-18,15329.197,595.961,4725.102,-3281.674
0.073822,-43,238,-2094,9,17,-19,15330.970,597.681,4716.090,-3286.041,387,-264,-191
0.074188,-47,240,-2090,7,18,-19,15332.684,599.277,4707.143,-3290.577
0.093811,-65,258,-2107,8,20,-20,15334.401,600.821,4698.187,-3295.091
0.094177,-73,256,-2061,8,17,-20,15336.175,602.321,4689.068,-3299.547
0.114197,-62,250,-2072,7,19,-20,15337.944,603.739,4680.034,-3303.892
0.114563,-50,238,-2061,8,17,-20,15339.672,605.144,4671.074,-3308.286
0.133820,-58,233,-2099,7,17,-21,15341.412,606.534,4662.129,-3312.579
0.134186,-69,234,-2065,6,19,-19,15343.095,608.092,4653.210,-3317.035
0.153809,-55,243,-2076,7,18,-21,15344.746,609.596,4644.411,-3321.454
0.154144,-53,250,-2071,8,18,-18,15346.298,611.191,4635.790,-3326.028
0.173798,-76,230,-2097,8,20,-20,15347.935,612.833,4627.131,-3330.228,383,-263,-183
0.174164,-58,230,-2064,7,19,-19,15349.651,614.323,4618.235,-3334.391
0.193756,-69,258,-2079,7,17,-17,15351.246,616.030,4609.565,-3338.725
0.194092,-53,232,-2071,7,19,-20,15352.847,617.409,4600.787,-3343.216
0.194458,-69,241,-2088,9,18,-21,15354.470,618.896,4592.111,-3347.412
0.214142,-69,228,-2085,7,18,-17,15356.083,620.769,4583.295,-3351.744
0.233765,-76,232,-2077,8,19,-16,15357.707,622.350,4574.388,-3356.175
0.253754,-71,239,-2095,8,18,-20,15359.235,623.911,4565.752,-3360.653,383,-263,-183,26462
0.273743,-57,258,-2079,9,20,-20,15360.884,625.282,4556.767,-3365.051,378,-258,-190
0.293732,-69,231,-2071,6,18,-20,15362.505,626.751,4547.926,-3369.335
0.314118,-73,224,-2087,7,17,-20,15364.010,628.641,4539.389,-3373.629
0.333740,-44,231,-2084,8,19,-19,15365.541,630.321,4530.705,-3378.013
0.353729,-46,242,-2066,9,19,-17,15367.114,631.848,4521.765,-3382.549
0.373718,-55,260,-2056,6,19,-23,15368.677,633.365,4512.957,-3386.926,384,-257,-203
0.393707,-69,246,-2083,8,19,-20,15370.117,634.826,4504.462,-3391.425
0.414093,-59,239,-2117,9,18,-22,15371.641,636.544,4495.852,-3395.615
0.433716,-61,248,-2085,7,19,-19,15373.204,638.091,4487.119,-3399.800
0.453705,-56,230,-2107,6,18,-20,15374.721,639.579,4478.402,-3404.150
0.473694,-47,235,-2088,7,17,-18,15376.362,641.016,4469.478,-3408.196,390,-263,-190
0.493683,-52,241,-2090,7,18,-18,15377.910,642.464,4460.762,-3412.354
0.514069,-73,250,-2108,8,18,-20,15379.413,644.119,4452.123,-3416.547
0.533692,-60,223,-2104,7,19,-20,15380.937,645.605,4443.409,-3420.748
0.553681,-66,230,-2097,6,17,-18,15382.473,646.964,4434.664,-3424.932
0.573670,-64,246,-2100,7,16,-19,15383.953,648.625,4426.050,-3429.109,371,-244,-188
0.593659,-63,235,-2066,7,18,-19,15385.394,650.247,4417.490,-3433.373
0.614044,-60,251,-2091,7,19,-18,15386.782,651.743,4408.903,-3437.906
0.633667,-87,250,-2084,8,18,-19,15388.218,653.238,4400.212,-3442.323
0.653656,-63,248,-2075,8,19,-18,15389.649,654.770,4391.542,-3446.706
0.673645,-69,233,-2088,6,16,-20,15391.044,656.120,4382.972,-3451.126,384,-255,-184
0.693634,-72,235,-2093,7,17,-21,15392.436,657.750,4374.345,-3455.550
0.714020,-60,229,-2077,7,19,-18,15393.870,659.191,4365.601,-3459.942
0.733612,-73,234,-2079,6,17,-19,15395.280,660.688,4356.962,-3464.268
0.753632,-63,234,-2076,7,16,-19,15396.627,662.181,4348.486,-3468.645,384,-255,-184,26494
0.773621,-68,251,-2084,8,18,-21,15397.993,663.570,4339.874,-3473.098,388,-256,-197
0.793640,-71,244,-2112,7,19,-21,15399.402,664.929,4331.366,-3477.209
0.813996,-39,243,-2089,7,18,-18,15400.806,666.512,4322.986,-3481.116
0.833618,-53,256,-2081,7,18,-17,15402.140,667.776,4314.577,-3485.399
0.853607,-52,231,-2091,7,17,-21,15403.543,669.369,4305.873,-3489.655
0.873596,-54,243,-2086,6,19,-19,15404.859,670.859,4297.307,-3494.116,374,-263,-197
0.893585,-52,240,-2083,7,19,-20,15406.071,672.314,4288.981,-3498.720
0.913971,-70,231,-2098,9,20,-20,15407.394,673.727,4280.541,-3502.955
0.933594,-56,250,-2091,6,16,-18,15408.727,675.130,4272.106,-3507.117
0.953583,-57,243,-2071,7,18,-17,15409.963,676.728,4263.706,-3511.600
0.973572,-58,239,-2090,7,19,-20,15411.276,678.235,4255.260,-3515.788,382,-248,-194
0.993561,-54,222,-2085,8,18,-17,15412.637,679.823,4246.669,-3519.900
1.013947,-60,220,-2106,8,18,-18,15413.952,681.346,4238.177,-3524.080
1.033570,-59,234,-2062,8,18,-17,15415.287,682.849,4229.754,-3528.066
1.053559,-56,243,-2096,6,17,-16,15416.794,684.321,4220.869,-3531.837
1.073578,-57,265,-2098,4,19,-18,15418.191,685.879,4212.218,-3535.762,384,-257,-203
1.093567,-45,259,-2079,5,18,-17,15419.675,687.349,4203.415,-3539.479
1.113922,-26,258,-2101,6,19,-14,15421.040,688.763,4194.846,-3543.420
1.133545,-59,217,-2101,6,19,-16,15422.288,690.173,4186.567,-3547.502
1.153534,-63,237,-2099,8,18,-18,15423.367,691.624,4178.543,-3551.989
1.173523,-70,247,-2081,8,19,-21,15424.425,693.141,4170.480,-3556.571,391,-252,-198
1.193512,-63,251,-2086,11,17,-22,15425.494,694.662,4162.361,-3561.147
1.213898,-63,252,-2098,11,20,-20,15426.547,696.036,4154.475,-3565.521
1.233521,-50,214,-2100,11,17,-20,15427.656,697.617,4146.501,-3569.695
1.253571,-75,215,-2083,9,18,-19,15428.693,699.174,4138.682,-3573.981,391,-252,-198,26478
1.273499,-60,249,-2064,11,18,-20,15429.905,700.491,4130.406,-3578.059,383,-261,-192
1.293518,-69,251,-2099,6,17,-19,15431.148,701.795,4122.028,-3582.105
1.313873,-77,233,-2083,5,19,-18,15432.350,703.488,4113.702,-3586.164
1.333496,-51,229,-2080,6,19,-17,15433.541,705.036,4105.297,-3590.363
1.353485,-81,233,-2058,6,19,-17,15434.748,706.593,4097.035,-3594.303
1.373505,-62,246,-2101,6,20,-19,15436.007,708.099,4088.593,-3598.212,378,-258,-179
1.393494,-61,248,-2075,6,18,-19,15437.236,709.676,4080.124,-3602.240
1.413849,-46,239,-2081,6,20,-17,15438.514,711.440,4071.860,-3605.762
1.433472,-35,225,-2109,7,19,-12,15439.701,713.020,4063.628,-3609.653
1.453461,-46,231,-2059,7,18,-17,15440.900,714.396,4055.256,-3613.663
1.473450,-48,244,-2072,7,19,-19,15441.982,715.736,4047.247,-3617.754,378,-261,-190
1.493469,-63,258,-2066,8,16,-20,15443.025,717.155,4039.093,-3622.132
1.513825,-82,232,-2074,7,18,-22,15444.113,718.674,4030.902,-3626.311
1.533447,-64,223,-2065,6,19,-17,15445.232,720.311,4022.844,-3630.168
1.553436,-51,230,-2089,8,17,-17,15446.348,721.854,4014.797,-3634.020
1.573456,-74,226,-2100,6,19,-18,15447.480,723.332,4006.647,-3637.905,381,-251,-195
1.593415,-73,237,-2095,6,18,-18,15448.744,724.942,3998.170,-3641.544
1.613800,-66,240,-2078,6,17,-15,15449.946,726.416,3989.856,-3645.268
1.633423,-73,238,-2064,5,18,-17,15451.233,728.191,3981.375,-3648.731
1.653412,-50,214,-2084,5,20,-16,15452.462,729.667,3973.026,-3652.328
1.673401,-50,231,-2085,5,17,-14,15453.762,731.047,3964.504,-3655.808,392,-261,-186
1.693421,-6772,453,-453,3,17,-17,15499.616,793.187,3954.270,-3454.265
1.713806,867,715,-4363,186,-283,2652,15544.380,908.643,3920.166,-3257.969
1.733399,872,38,-1281,-115,608,1000,15580.281,960.996,3889.809,-3104.214
1.753418,1061,282,-2084,12,113,918,15607.619,1009.299,3873.061,-2969.576,392,-261,-186,26550
1.773407,612,136,-1876,11,104,771,15625.513,1040.496,3860.636,-2879.520,391,-257,-200
1.793396,588,146,-2251,11,71,478,15635.310,1055.716,3849.483,-2835.391
1.813782,-62,259,-2104,5,37,176,15639.017,1060.005,3841.473,-2824.189
1.833405,-54,260,-2098,9,19,-15,15639.917,1060.731,3834.244,-2828.755
1.853394,-54,260,-2080,11,18,-22,15640.654,1061.816,3827.618,-2833.244
1.873383,-51,217,-2078,13,19,-23,15641.379,1062.786,3821.122,-2837.642,394,-260,-194
1.893372,-57,208,-2072,13,17,-23,15642.060,1063.598,3814.537,-2842.440
1.913758,-80,245,-2094,11,18,-25,15642.799,1064.243,3807.877,-2847.056
1.933380,-106,249,-2085,9,16,-25,15643.683,1065.056,3800.746,-2851.418
1.953369,-63,263,-2097,9,18,-22,15644.581,1066.305,3793.561,-2855.594
1.973358,-39,222,-2075,11,17,-23,15645.524,1067.235,3786.315,-2859.694,389,-276,-200
1.993347,-58,234,-2098,9,19,-20,15646.535,1068.081,3779.011,-2863.507
2.013733,-42,228,-2093,7,17,-19,15647.545,1068.801,3771.657,-2867.408
2.033325,-51,253,-2065,6,17,-18,15648.581,1069.422,3764.163,-2871.368
2.053345,-58,248,-2040,7,17,-20,15649.646,1070.161,3756.597,-2875.195
2.073334,-74,241,-2055,6,17,-18,15650.617,1070.997,3749.164,-2879.296,397,-268,-199
2.093323,-49,220,-2062,7,18,-20,15651.479,1071.952,3742.058,-2883.496
2.113709,-51,226,-2078,8,17,-22,15652.459,1072.741,3734.786,-2887.311
2.133301,-60,258,-2107,6,17,-20,15653.406,1073.513,3727.420,-2891.405
2.153321,-69,257,-2078,6,17,-19,15654.359,1074.320,3720.017,-2895.478
2.173310,-61,239,-2113,9,17,-19,15655.361,1075.343,3712.484,-2899.345,391,-290,-191
2.193299,-61,215,-2083,7,18,-19,15656.377,1076.454,3705.191,-2902.773
2.213684,-60,215,-2090,7,18,-17,15657.283,1077.404,3698.068,-2906.615
2.233307,-48,235,-2069,9,18,-18,15658.235,1078.091,3690.651,-2910.660
2.253296,-75,243,-2090,7,18,-21,15659.253,1078.840,3683.189,-2914.351,391,-290,-191,26546
2.273285,-70,247,-2028,6,17,-18,15660.275,1079.914,3675.553,-2918.100,391,-276,-196
2.293274,-55,229,-2088,6,18,-19,15661.220,1081.045,3668.320,-2921.709
2.313660,-62,229,-2132,7,20,-17,15662.247,1082.116,3660.928,-2925.078
2.333283,-50,228,-2080,6,18,-16,15663.288,1083.042,3653.516,-2928.429
2.353272,-2335,1113,484,5,18,-16,15628.730,1045.336,3667.963,-3103.475
2.373261,420,-325,-2313,55,22,-1865,15529.442,887.315,3695.446,-3581.650,389,-269,-196
2.393250,-1080,-320,-2329,21,-320,-3609,15376.814,730.803,3737.169,-4181.929
2.413635,1416,-392,-4085,58,-129,-3753,15156.098,515.294,3777.032,-4919.005
2.433258,-1570,-54,-4941,-1,-314,-5054,14815.477,241.409,3810.246,-5861.808
2.453247,-49,-138,-3829,12,-108,-6311,14352.626,-125.060,3818.849,-6916.523
2.473328,-997,1220,-5274,-155,-720,-7522,13633.947,-625.639,3815.522,-8221.995,395,-275,-192
2.493225,-2837,90,1394,-205,-976,-9802,12581.423,-1232.661,3746.908,-9725.444
2.513611,-1778,1260,1767,-259,-1177,-11867,11024.993,-1965.346,3606.649,-11402.366
2.533234,-46,2772,2860,-362,-1522,-14769,9161.070,-2806.743,3479.663,-12826.692
2.553223,3635,2234,-6066,-265,-1956,-13086,7680.664,-3289.919,3294.173,-13702.833
2.573212,526,1575,-4339,-110,-1170,-8511,6624.604,-3579.985,3131.616,-14210.092,362,-244,-195
2.593201,566,157,-501,7,-646,-6068,5883.362,-3763.096,3012.377,-14511.588
2.613587,817,3872,-12885,7,-403,-4068,5378.798,-3881.719,2930.079,-14691.863
2.633209,169,232,-683,1,-279,-2658,5064.245,-3945.328,2862.498,-14799.640
2.653198,-98,827,-2234,6,-138,-1558,4886.339,-3979.740,2825.468,-14857.238
2.673187,-75,701,-1856,6,-75,-832,4815.570,-3989.492,2802.710,-14882.019,220,-206,-176
2.693176,-66,219,-2078,10,-9,-251,4806.006,-3985.374,2792.702,-14888.094
2.713562,-56,257,-2075,8,16,-20,4803.785,-3978.421,2783.467,-14892.399
2.733185,-60,249,-2089,5,17,-20,4801.308,-3971.255,2774.227,-14896.834
2.753205,-45,243,-2080,5,16,-21,4798.708,-3964.480,2765.193,-14901.156,220,-206,-176,26607
2.773163,-64,246,-2067,7,15,-23,4795.940,-3957.472,2756.184,-14905.578,138,-250,-189
2.793183,-48,232,-2088,7,15,-23,4793.279,-3950.455,2747.216,-14909.950
2.813568,-60,240,-2124,6,17,-22,4790.828,-3943.410,2738.299,-14914.243
2.833161,-45,250,-2079,8,18,-22,4788.476,-3936.295,2729.136,-14918.556
2.853150,-58,224,-2064,6,16,-20,4786.196,-3929.107,2720.266,-14922.802
2.873169,-70,244,-2088,7,16,-19,4784.186,-3921.737,2711.293,-14927.018,120,-258,-192
2.893158,-60,248,-2081,8,17,-18,4781.992,-3914.560,2702.248,-14931.244
2.913544,-70,250,-2057,8,18,-19,4779.844,-3907.340,2693.373,-14935.426
2.933136,-57,251,-2071,7,17,-19,4777.740,-3900.110,2684.417,-14939.601
2.953125,-58,241,-2072,7,15,-18,4775.605,-3893.011,2675.539,-14943.727
2.973145,-58,243,-2101,7,17,-20,4773.719,-3885.959,2666.562,-14947.769,121,-260,-198
2.993134,-47,253,-2075,6,18,-18,4771.654,-3878.788,2657.634,-14951.881
3.013489,-76,226,-2095,7,19,-17,4769.944,-3871.374,2648.547,-14955.960
3.033112,-86,229,-2074,7,19,-17,4768.170,-3864.103,2639.671,-14959.974
3.053101,-71,232,-2078,8,16,-18,4766.081,-3857.012,2630.649,-14964.059
3.073090,-44,246,-2080,8,19,-19,4764.031,-3849.681,2621.636,-14968.180,125,-263,-190
3.093109,-51,242,-2064,8,17,-16,4762.317,-3842.537,2612.779,-14972.110
3.113465,-66,243,-2055,6,18,-16,4760.574,-3835.340,2603.787,-14976.075
3.133087,-80,241,-2068,7,18,-17,4758.547,-3828.017,2594.941,-14980.128
3.153076,-167,260,-2025,8,19,-17,4755.065,-3821.103,2585.153,-14984.690
3.173096,-139,271,-2078,7,15,-51,4748.616,-3814.751,2575.454,-14990.023,132,-261,-186
3.193085,-914,883,-3493,7,17,-19,4757.968,-3806.217,2565.100,-14991.002
3.213440,-2901,-359,987,8,33,187,4842.939,-3781.159,2565.442,-14970.061
3.233063,677,-187,5463,46,56,749,4877.457,-3737.556,2545.877,-14973.144
3.253052,-1742,-729,-2290,24,-221,-2401,4270.559,-3861.550,2453.323,-15141.578,132,-261,-186,26609
3.273041,-313,-1079,-610,10,-347,-4313,3414.993,-4011.236,2372.577,-15331.475,126,-269,-189
3.293061,-1919,-382,1013,884,-1344,-4497,2532.453,-4134.076,2349.517,-15472.921
3.313446,3134,1177,-9366,43,-1039,-4918,1717.644,-4214.737,2301.398,-15569.993
3.333039,-1073,384,-3111,211,-774,-4379,1080.656,-4267.653,2274.900,-15616.645
3.353058,3131,751,-4253,202,-716,-3037,671.904,-4300.446,2224.213,-15637.871
3.373047,-701,5490,-22767,39,238,-1961,453.883,-4377.067,1833.107,-15675.153,121,-245,-198
3.393036,63,-511,-1733,-487,2482,-1966,62.712,-4411.383,1743.548,-15682.195
3.413422,-26,279,-1767,82,-114,-2599,-345.332,-4448.913,1665.666,-15676.380
3.433045,-262,959,-3287,12,-195,-2120,-616.958,-4470.657,1619.764,-15666.665
3.453034,238,748,-2213,6,-74,-926,-663.204,-4469.571,1605.144,-15666.590
3.473023,-80,223,-2094,7,3,-134,-667.440,-4463.268,1598.222,-15668.915,105,-307,-198
3.493012,-35,242,-2125,7,17,-20,-669.997,-4456.028,1590.909,-15671.610
3.513397,-61,246,-2041,7,17,-17,-672.539,-4448.825,1583.904,-15674.257
3.532990,-64,249,-2079,7,17,-18,-675.275,-4441.584,1576.910,-15676.898
3.553009,-69,240,-2083,7,17,-21,-677.858,-4434.285,1569.858,-15679.560
3.572998,-63,243,-2085,8,17,-19,-680.662,-4427.015,1562.598,-15682.218,104,-342,-199
3.592987,-75,240,-2059,7,15,-20,-683.482,-4419.909,1555.255,-15684.829
3.613373,-49,232,-2085,5,17,-21,-686.396,-4412.669,1548.296,-15687.429
3.632965,-62,243,-2091,7,16,-21,-689.349,-4405.606,1541.276,-15689.976
3.652985,-47,239,-2088,5,18,-19,-692.402,-4398.574,1534.179,-15692.509
3.672974,-40,246,-2066,8,15,-20,-695.698,-4391.622,1527.104,-15695.001,92,-351,-204
3.693024,-27,249,-2089,6,16,-23,-698.658,-4384.537,1520.100,-15697.530
3.713349,-45,244,-2112,7,17,-19,-701.426,-4377.367,1513.154,-15700.078
3.732971,-64,243,-2097,9,16,-18,-704.101,-4370.118,1506.376,-15702.630
3.752930,-37,242,-2060,7,16,-19,-706.718,-4362.820,1499.520,-15705.197,92,-351,-204,26625
3.772949,-65,235,-2087,8,16,-20,-709.460,-4355.921,1492.720,-15707.636,106,-356,-204
3.792938,-56,244,-2068,6,17,-20,-712.240,-4348.811,1485.718,-15710.144
3.813324,-58,224,-2093,6,17,-20,-714.558,-4341.604,1478.976,-15712.668
3.832916,-50,244,-2080,7,18,-17,-716.879,-4334.439,1472.081,-15715.188
3.852936,-50,240,-2077,7,17,-17,-719.237,-4327.311,1465.265,-15717.681
3.872925,-65,258,-2090,8,17,-19,-721.493,-4319.849,1458.539,-15720.256,94,-353,-206
3.892914,-50,250,-2099,11,18,-16,-723.811,-4312.552,1451.686,-15722.787
3.913300,-64,230,-2072,8,16,-18,-726.307,-4305.364,1444.789,-15725.277
3.932923,-61,253,-2060,9,17,-19,-729.030,-4298.003,1437.777,-15727.807
3.952881,-58,255,-2078,7,18,-19,-731.518,-4290.684,1430.878,-15730.319
3.972901,-65,245,-2098,9,17,-17,-734.064,-4283.297,1424.033,-15732.834,100,-352,-207
3.992920,-43,248,-2084,9,17,-20,-736.380,-4276.206,1417.111,-15735.280
4.013275,-66,253,-2125,9,16,-17,-738.788,-4268.928,1410.229,-15737.762
4.032898,-75,252,-2085,11,18,-18,-741.327,-4261.667,1403.004,-15740.255
4.052887,-60,253,-2083,11,19,-20,-743.888,-4254.411,1395.877,-15742.731
4.072876,-78,222,-2095,9,18,-20,-746.866,-4247.486,1388.696,-15745.095,99,-346,-206
4.092865,-63,221,-2085,6,19,-23,-749.410,-4240.539,1381.868,-15747.447
4.113251,-38,24,-2052,7,17,-18,-752.032,-4233.496,1375.197,-15749.801
4.132874,445,-585,-254,7,17,-18,-664.794,-4216.652,1382.456,-15757.606
4.152863,-878,473,-2000,8,125,948,-342.474,-4181.631,1429.518,-15773.034
4.172852,-459,467,3263,8,282,2573,154.746,-4132.192,1494.059,-15783.037,107,-355,-200
4.192841,-1593,830,790,7,269,2452,522.680,-4096.290,1549.332,-15779.170
4.213227,24,449,-1421,55,141,3295,1187.421,-4025.828,1642.466,-15751.841
4.232849,-1116,383,-1023,0,467,4150,1896.767,-3945.123,1715.486,-15694.930
4.252838,127,659,-2424,13,456,4069,2695.187,-3842.102,1817.603,-15591.856,107,-355,-200,26661
4.272827,-1778,-12,-1973,12,523,5051,3524.023,-3722.040,1919.716,-15442.726,101,-361,-211
4.292816,1391,-147,817,11,525,4621,4193.815,-3613.268,1991.522,-15291.353
4.313202,-1031,-190,-5659,1,418,3669,4759.098,-3518.414,2061.747,-15137.912
4.332825,-775,-417,-5133,5,369,3315,5319.450,-3407.414,2117.129,-14968.172
4.352814,-235,-169,-164,6,377,3340,5723.025,-3323.662,2156.938,-14831.834
4.372803,-423,-213,-4441,6,225,1990,5981.881,-3269.544,2181.911,-14737.770,91,-293,-196
4.392822,-12,-95,-2637,4,185,1615,6199.266,-3215.660,2197.182,-14657.300
4.413178,-80,244,-2039,11,113,917,6250.165,-3196.238,2196.466,-14640.030
4.432800,-58,266,-2113,11,20,19,6248.402,-3189.598,2188.536,-14643.418
4.452790,-60,255,-2087,8,17,-18,6246.579,-3182.892,2180.446,-14646.861
4.472779,-60,241,-2076,7,19,-16,6244.606,-3176.266,2172.478,-14650.324,124,-245,-187
4.492798,-55,238,-2093,8,18,-17,6242.527,-3169.732,2164.551,-14653.798
4.513153,-50,251,-2057,8,18,-16,6240.620,-3163.072,2156.532,-14657.231
4.532776,-57,241,-2101,8,20,-18,6238.523,-3156.458,2148.330,-14660.754
4.552765,-73,256,-2055,9,19,-18,6236.476,-3149.723,2140.200,-14664.262
4.572754,-72,250,-2071,7,18,-19,6234.682,-3143.258,2132.144,-14667.585,140,-219,-189
4.592774,-78,238,-2087,8,17,-17,6232.507,-3136.723,2124.073,-14671.079
4.613129,-53,241,-2097,9,19,-20,6230.433,-3130.281,2116.082,-14674.491
4.632752,-57,245,-2078,8,17,-19,6228.107,-3124.052,2108.293,-14677.926
4.652741,-76,237,-2057,7,17,-19,6225.706,-3117.502,2100.352,-14681.475
4.672730,181,148,-2084,9,20,-18,6211.306,-3112.272,2089.582,-14690.218,140,-231,-189
4.692749,-566,374,-2091,12,0,-201,6160.002,-3114.240,2074.765,-14713.486
4.713104,9182,980,467,4,-24,-407,6224.596,-3098.287,2076.947,-14689.341
4.732727,381,301,-4003,0,82,693,6514.525,-3047.847,2121.223,-14567.341
4.752716,2019,364,-1646,53,200,2576,6787.875,-2990.783,2143.845,-14450.582,140,-231,-189,26687
4.772736,946,643,-3736,22,55,2160,7194.955,-2902.110,2170.120,-14266.618,143,-231,-194
4.792725,904,470,-1525,14,301,2653,7696.470,-2796.735,2217.648,-14016.422
4.813111,-2117,1032,-7885,16,429,3856,8389.094,-2641.510,2277.917,-13634.223
4.832703,-938,304,-3185,24,507,4952,9104.279,-2467.428,2337.978,-13190.648
4.852692,-216,-93,-210,22,464,4775,9728.207,-2302.297,2372.378,-12762.001
4.872711,779,404,-1817,-4,477,4251,10296.814,-2144.055,2406.659,-12329.723,142,-235,-186
4.892700,51,679,-4522,11,460,4249,10893.637,-1966.847,2433.904,-11830.964
4.913147,535,-240,1456,8,510,4602,11451.257,-1788.870,2453.589,-11317.420
4.932678,163,144,-1644,14,449,4206,11898.838,-1641.928,2481.078,-10862.846
4.952667,-124,-14,1342,16,349,3298,12208.410,-1528.019,2487.065,-10529.474
4.972656,432,757,-3938,-53,528,2462,12488.999,-1416.056,2483.052,-10212.227,184,-199,-183
4.992676,100,623,-4334,14,301,2535,12769.120,-1304.627,2480.496,-9875.733
5.013031,-459,13,-1680,13,290,2526,13015.803,-1201.072,2475.675,-9563.094
5.032654,474,250,-1420,18,247,2187,13226.046,-1108.631,2469.898,-9283.193
5.052643,87,298,-2037,8,247,2092,13417.932,-1024.060,2465.750,-9014.760
5.072663,-301,220,-2181,11,211,1797,13569.240,-955.289,2461.444,-8794.310,261,-174,-180
5.092652,32,278,-1930,18,136,1466,13688.636,-893.171,2451.663,-8616.743
5.113037,-144,354,-2204,8,141,1117,13780.605,-847.063,2445.279,-8475.462
5.132630,-126,365,-2696,11,119,939,13866.179,-803.904,2436.468,-8341.575
5.152649,237,206,-2262,6,117,936,13942.971,-765.385,2427.456,-8218.920
5.172638,16,343,-2100,1,97,736,13991.378,-738.314,2420.616,-8140.778,299,-193,-182
5.192627,-175,386,-2158,24,75,537,14051.098,-718.659,2425.411,-8037.598
5.212982,41,430,-2085,68,-159,739,14111.553,-725.536,2454.953,-7921.257
5.232666,-197,317,-2103,61,-189,696,14173.623,-718.181,2469.626,-7805.703
5.252594,101,373,-2011,24,-7,809,14237.781,-703.762,2479.433,-7686.232,299,-193,-182,26675
5.272614,96,-242,-2388,45,-154,748,14292.239,-685.880,2485.525,-7584.134,312,-197,-183
5.292603,-13,204,-2030,16,-20,470,14312.165,-703.469,2506.419,-7537.927
5.312958,-71,207,-2037,34,-121,362,14349.866,-683.322,2501.920,-7469.286
5.332611,125,375,-2021,-32,166,420,14369.331,-644.806,2473.269,-7444.792
5.352600,278,392,-2203,-48,268,86,14389.014,-560.836,2403.621,-7436.383
5.372589,-451,228,-2101,-135,643,216,14415.193,-486.990,2347.125,-7408.878,329,-209,-183
5.392578,-591,575,-3236,-19,166,307,14437.257,-470.276,2339.374,-7369.343
5.412934,-452,194,-2033,11,45,247,14435.701,-465.476,2331.051,-7375.330
5.432587,-193,194,-2123,8,22,-72,14430.533,-463.650,2325.522,-7387.295
5.452576,-224,208,-2065,14,20,-61,14419.055,-465.492,2320.040,-7411.277
5.472565,-133,234,-2059,7,-13,-175,14402.176,-467.842,2313.791,-7445.822,336,-206,-188
5.492554,-452,243,-2226,10,-5,-234,14389.923,-464.639,2307.128,-7471.735
5.512940,-97,231,-2100,36,100,-110,14386.714,-450.939,2298.330,-7481.458
5.532532,75,243,-2118,18,61,-26,14385.588,-441.864,2290.541,-7486.552
5.552551,-86,284,-2108,30,110,-28,14382.760,-422.885,2280.405,-7496.170
5.572540,-76,193,-2066,3,3,-76,14375.361,-424.724,2275.262,-7511.806,323,-219,-194
5.592530,-55,271,-2076,0,-22,-130,14371.931,-426.685,2270.198,-7519.785
5.612915,-60,237,-2112,6,5,-21,14375.680,-425.740,2264.060,-7514.522
5.632508,-8,321,-1999,-9,-13,81,14384.542,-421.209,2258.476,-7499.483
5.652527,-73,214,-2049,13,34,106,14391.209,-406.095,2251.248,-7489.694
5.672516,-75,271,-2038,28,77,11,14391.953,-398.368,2244.413,-7490.730,325,-212,-194
5.692505,-28,295,-2084,9,29,22,14397.048,-391.757,2237.596,-7483.323
5.712891,-92,213,-2078,11,33,81,14404.969,-383.119,2231.018,-7470.481
5.732514,-111,226,-2050,11,34,44,14407.847,-377.482,2224.620,-7467.125
5.752503,-586,117,-2181,9,31,44,14415.906,-406.987,2225.162,-7449.839
5.772492,-101,293,-2056,-118,-368,168,14419.391,-402.930,2220.112,-7444.819,337,-210,-184,26750
5.792481,-66,235,-2091,8,17,-19,14418.473,-399.752,2213.915,-7448.615
5.812866,-58,237,-2070,8,16,-18,14417.576,-396.514,2208.016,-7452.273
5.832459,-68,223,-2072,7,17,-19,14416.674,-393.096,2201.868,-7456.017
5.852478,-66,237,-2103,7,16,-19,14415.719,-389.998,2195.797,-7459.817
5.872467,-52,226,-2078,5,16,-18,14414.862,-386.480,2189.862,-7463.398,326,-209,-190
5.892456,-69,222,-2080,9,18,-21,14414.031,-383.099,2184.060,-7466.878
5.912842,-65,232,-2085,9,18,-16,14413.118,-379.921,2178.005,-7470.570
5.932434,-45,224,-2075,7,17,-20,14412.149,-376.699,2171.910,-7474.377
5.952423,3971,702,-1186,6,16,-19,14412.205,-372.097,2165.944,-7476.230
5.972412,207,200,-2165,12,17,-55,14428.726,-372.985,2162.169,-7445.347,332,-217,-180
5.992432,-35,186,-2081,7,69,471,14470.668,-348.512,2155.112,-7366.764
6.012787,221,289,-2061,7,73,548,14525.228,-317.902,2146.115,-7262.665
6.032410,52,294,-2039,7,95,788,14587.520,-283.231,2136.829,-7140.969
6.052429,-110,90,-1833,8,95,767,14643.877,-250.183,2127.814,-7028.664
6.072418,-144,254,-2097,11,92,688,14689.915,-221.877,2119.391,-6935.472,338,-213,-195
6.092407,-179,219,-2095,11,75,588,14717.187,-203.410,2111.620,-6880.373
6.112793,-172,260,-1952,11,53,268,14735.343,-188.490,2104.198,-6844.116
6.132446,90,253,-2081,14,68,256,14754.325,-175.006,2095.967,-6805.999
6.152374,-236,192,-2089,8,33,187,14762.192,-166.998,2090.140,-6790.916
6.172394,167,53,-2008,7,27,67,14766.390,-160.133,2083.936,-6783.857,340,-218,-183
6.192383,-127,72,-2013,6,16,45,14768.640,-154.900,2079.025,-6780.588
6.212738,-247,259,-2071,8,29,8,14774.375,-147.688,2073.591,-6769.911
6.232361,27,291,-1965,7,26,102,14778.238,-140.514,2067.351,-6763.536
6.252381,58,254,-2289,6,22,20,14778.416,-137.027,2061.403,-6765.036
6.272370,-46,423,-2302,6,22,-15,14777.295,-134.012,2055.475,-6769.347,344,-219,-191,26751
6.292359,-135,252,-2059,11,15,-29,14778.433,-130.817,2049.420,-6768.760
6.312744,-86,308,-2064,11,15,19,14773.452,-130.134,2043.941,-6781.293
6.332337,-73,294,-2057,4,5,-112,14764.671,-131.508,2038.230,-6802.076
6.352326,-71,223,-2071,4,7,-133,14755.262,-132.958,2032.721,-6824.079
6.372345,34,175,-1942,6,5,-134,14739.802,-136.882,2028.635,-6858.540,350,-232,-192
6.392334,-123,-71,-2191,6,-12,-320,14711.311,-147.867,2026.901,-6919.724
6.412720,76,313,-1973,7,-15,-328,14705.266,-147.388,2023.030,-6933.701
6.432343,-43,307,-1341,7,27,22,14723.607,-135.630,2015.449,-6897.129
6.452332,-32,379,-2019,8,39,318,14747.837,-119.972,2007.038,-6847.929
6.472321,-169,323,-2243,12,53,317,14771.745,-104.345,1998.596,-6798.950,342,-229,-187
6.492310,-103,292,-2064,8,53,304,14786.043,-93.174,1990.213,-6770.430
6.512696,-101,220,-2069,9,31,117,14789.310,-80.649,1982.990,-6765.573
6.532318,-46,222,-2107,26,81,12,14789.138,-71.417,1976.710,-6767.891
6.552307,-61,279,-2069,26,71,-15,14788.345,-60.701,1969.916,-6771.707
6.572327,-62,215,-2068,7,20,-10,14789.630,-56.970,1963.956,-6770.665,337,-212,-180
6.592316,-70,220,-2109,5,17,24,14791.465,-53.267,1958.335,-6768.315
6.612671,-72,228,-2098,6,16,6,14791.390,-50.395,1953.029,-6770.033
6.632294,-90,290,-2059,5,11,-12,14790.230,-47.659,1947.877,-6774.071
6.652283,-35,207,-2098,9,15,-26,14788.451,-44.782,1942.411,-6779.542
6.672272,-90,266,-1943,6,15,-35,14786.714,-43.368,1937.381,-6784.777,345,-216,-202
6.692261,-61,281,-2066,5,2,-22,14789.024,-46.085,1932.355,-6781.157
6.712647,-24,240,-2087,3,14,61,14796.331,-41.365,1926.257,-6766.967
6.732269,-69,197,-2089,4,14,90,14806.968,-33.189,1919.529,-6745.622
6.752259,-31,263,-2064,11,39,187,14818.989,-23.922,1912.721,-6721.155
6.772248,-126,104,-2097,6,41,174,14832.294,-14.474,1905.891,-6693.718,345,-232,-186,26775
6.792267,-93,184,-2095,7,34,183,14840.431,-6.614,1899.936,-6677.367
6.812622,-93,176,-2100,7,30,88,14844.509,0.962,1894.121,-6669.955
6.832245,-54,253,-2096,7,23,44,14845.565,2.852,1888.571,-6669.177
6.852234,-49,270,-2072,6,18,0,14847.287,6.480,1882.573,-6667.037
6.872223,-61,242,-2097,7,22,35,14851.297,12.115,1876.744,-6659.736,347,-213,-186
6.892212,-59,258,-2106,7,25,41,14854.032,17.014,1871.209,-6655.182
6.912598,-58,221,-2088,9,22,27,14855.945,21.108,1865.556,-6652.487
6.932221,19,278,-2058,5,19,18,14858.398,25.151,1860.033,-6648.539
6.952210,-119,215,-2117,8,22,44,14867.244,32.641,1853.801,-6630.448
6.972199,-23,265,-2050,7,34,135,14873.815,39.850,1847.951,-6617.291,360,-224,-187
6.992188,-81,259,-2070,8,30,84,14880.239,46.417,1842.097,-6604.426
7.012573,-103,228,-2084,11,27,71,14883.849,51.571,1836.576,-6597.788
7.032196,-8,229,-2072,7,20,27,14883.788,55.046,1831.501,-6599.308
7.052185,-76,255,-2074,9,18,-12,14883.476,57.761,1826.674,-6601.326
7.072174,-87,199,-1998,8,16,-5,14883.909,52.163,1823.185,-6601.361,342,-229,-189
7.092194,-64,223,-2037,11,9,2,14883.574,55.363,1818.251,-6603.451
7.112580,-78,221,-2061,11,17,-23,14882.435,58.202,1813.507,-6607.297
7.132172,-57,238,-2119,11,17,-21,14881.256,61.076,1808.839,-6611.205
7.152161,-84,239,-2088,9,17,-22,14880.041,63.820,1804.116,-6615.201
7.172150,-72,246,-2091,9,17,-21,14878.922,66.523,1799.174,-6619.037,352,-225,-188
7.192139,-60,223,-2074,8,17,-21,14877.912,69.143,1794.030,-6622.677
7.212525,-55,235,-2075,6,18,-19,14876.995,71.930,1788.910,-6626.090
7.232147,-71,244,-2113,8,19,-18,14876.029,74.780,1783.850,-6629.592
7.252136,-75,238,-2096,8,19,-18,14875.166,77.351,1778.790,-6632.858
7.272125,-53,244,-2084,8,16,-18,14874.172,80.170,1773.812,-6636.385,351,-219,-180,26818
7.292145,-56,235,-2087,9,18,-19,14873.167,82.797,1768.931,-6639.907
7.312531,-77,255,-2083,9,16,-22,14872.174,85.615,1764.036,-6643.396
7.332123,-51,239,-2052,8,17,-20,14871.171,88.433,1758.920,-6646.961
7.352204,-58,234,-2089,8,18,-21,14870.090,90.925,1753.961,-6650.655
7.372101,-69,250,-2104,7,17,-21,14869.222,93.537,1748.945,-6653.880,345,-228,-190
7.392121,-45,248,-2101,8,18,-19,14868.276,96.194,1743.920,-6657.273
7.412506,-64,239,-2086,9,15,-19,14867.287,98.555,1738.902,-6660.761
7.432099,-57,239,-2079,6,16,-18,14866.265,101.155,1734.126,-6664.247
7.452088,-40,228,-2072,11,17,-20,14865.267,103.683,1729.069,-6667.746
7.472077,-68,235,-2089,6,18,-19,14864.170,106.152,1724.112,-6671.435,342,-222,-189
7.492096,-55,239,-2095,6,16,-22,14863.246,108.648,1719.223,-6674.716
7.512482,-65,246,-2128,8,16,-18,14862.249,111.375,1714.377,-6678.135
7.532074,-69,273,-2078,8,17,-22,14861.242,113.938,1709.379,-6681.613
7.552094,-57,246,-2091,6,17,-19,14860.195,116.500,1704.344,-6685.183
7.572083,-50,243,-2076,7,17,-21,14859.183,119.050,1699.298,-6688.672,358,-224,-187
7.592072,-57,238,-2087,7,17,-18,14858.206,121.464,1694.293,-6692.068
7.612427,-56,246,-2077,7,16,-20,14857.102,124.059,1689.376,-6695.712
7.632050,-80,221,-2075,5,18,-20,14856.158,126.534,1684.359,-6699.024
7.652069,-68,245,-2110,5,17,-18,14855.077,129.031,1679.474,-6702.599
7.672058,-78,242,-2078,6,16,-22,14854.114,131.543,1674.448,-6705.941,344,-217,-189
7.692047,-64,230,-2076,7,17,-19,14853.110,134.123,1669.616,-6709.318
7.712403,-68,227,-2086,8,16,-19,14852.152,136.712,1664.627,-6712.626
7.732025,-62,257,-2077,7,16,-19,14851.151,139.267,1659.915,-6715.954
7.752014,-59,243,-2085,9,16,-19,14850.120,141.751,1654.916,-6719.413
7.772034,-61,245,-2079,5,18,-20,14849.158,144.315,1650.087,-6722.671,356,-224,-184,26812
7.792023,-69,241,-2079,9,16,-19,14848.150,146.866,1645.193,-6726.042
7.812409,-61,231,-2107,8,16,-19,14847.132,149.198,1640.074,-6729.487
7.832001,-50,223,-2078,6,16,-20,14846.139,151.635,1635.207,-6732.808
7.852020,-43,230,-2105,8,17,-18,14845.166,154.122,1630.417,-6736.057
7.872009,-45,266,-2106,7,18,-19,14844.284,156.588,1625.438,-6739.147,359,-218,-192
7.891998,-73,235,-2090,6,17,-18,14843.267,158.867,1620.598,-6742.499
7.912384,-61,239,-2058,9,17,-20,14842.207,161.443,1615.918,-6745.892
7.932007,-65,229,-2101,9,18,-21,14841.152,164.099,1611.109,-6749.299
7.951966,-57,241,-2086,7,19,-20,14840.095,166.582,1606.425,-6752.678
7.971985,-47,231,-2081,9,16,-18,14839.044,168.995,1601.638,-6756.065,345,-232,-190
7.991974,-48,243,-2077,5,16,-20,14837.993,171.367,1596.671,-6759.488
8.012360,-54,255,-2090,5,16,-19,14836.958,173.738,1592.040,-6762.791
8.031983,-86,253,-2091,8,17,-18,14835.888,176.207,1587.150,-6766.221
8.051941,-62,247,-2091,7,15,-20,14834.898,178.649,1582.415,-6769.437
8.071991,-55,242,-2110,8,18,-18,14833.874,181.140,1577.791,-6772.694,351,-219,-196
8.091950,-69,251,-2067,8,18,-20,14832.827,183.698,1573.193,-6775.987
8.112335,-52,256,-2083,9,17,-18,14831.824,186.247,1568.445,-6779.213
8.131958,-73,228,-2084,8,18,-19,14830.745,188.615,1563.766,-6782.587
8.151947,-56,252,-2083,8,16,-20,14829.641,191.102,1558.967,-6786.036
8.171936,-54,237,-2094,6,17,-21,14828.625,193.533,1554.171,-6789.286,351,-219,-191
8.191925,-51,227,-2100,6,17,-19,14827.601,195.830,1549.288,-6792.573
8.212311,-55,225,-2052,5,18,-18,14826.556,198.602,1544.843,-6795.785
8.231934,-79,238,-2079,9,19,-19,14825.411,201.133,1540.177,-6799.266
8.251923,-60,231,-2085,7,16,-19,14824.305,203.546,1535.561,-6802.649
8.271912,-62,232,-2098,8,16,-18,14823.250,206.011,1531.118,-6805.875,352,-220,-199,26845
8.291901,-70,235,-2086,9,17,-19,14822.191,208.503,1526.434,-6809.157
8.312287,-58,228,-2096,6,18,-18,14821.049,211.195,1521.784,-6812.599
8.331909,-56,228,-2108,7,16,-19,14819.904,213.659,1517.260,-6816.021
8.351898,-55,253,-2096,8,16,-20,14818.788,216.235,1512.487,-6819.427
8.371887,-69,233,-2079,7,17,-19,14817.681,218.467,1507.983,-6822.757,349,-224,-182
8.391876,-84,230,-2076,8,16,-20,14816.467,220.884,1503.575,-6826.289
8.412262,-72,252,-2086,8,17,-21,14815.351,223.386,1498.900,-6829.656
8.431885,-61,238,-2105,8,17,-19,14814.231,225.935,1494.323,-6833.004
8.451874,-65,224,-2060,9,18,-18,14813.146,228.487,1489.777,-6836.263
8.471863,-49,232,-2069,9,18,-18,14812.068,231.018,1485.335,-6839.479,358,-219,-180
8.491883,-44,235,-2071,7,17,-20,14810.968,233.391,1480.767,-6842.771
8.512238,-73,221,-2078,11,17,-18,14809.799,235.662,1476.370,-6846.172
8.531861,-66,244,-2097,9,18,-21,14808.728,237.910,1471.965,-6849.360
8.551850,-62,237,-2099,8,16,-18,14807.657,240.348,1467.438,-6852.562
8.571900,-54,242,-2070,8,18,-19,14806.512,242.505,1463.027,-6855.900,369,-223,-195
8.591828,-73,258,-2110,6,16,-19,14805.499,244.823,1458.465,-6858.978
8.612213,-72,214,-2067,6,17,-15,14804.484,247.064,1453.942,-6862.048
8.631836,-74,250,-2076,5,17,-17,14803.293,249.548,1449.401,-6865.488
8.651825,-55,240,-2065,8,17,-22,14802.096,252.046,1444.858,-6868.934
8.671814,-59,239,-2064,7,18,-20,14800.989,254.293,1440.493,-6872.152,364,-216,-183
8.691834,-72,235,-2106,9,16,-20,14799.802,256.542,1436.190,-6875.525
8.712189,-65,225,-2072,8,18,-19,14798.716,258.955,1431.670,-6878.714
8.731812,-62,245,-2076,8,18,-18,14797.514,261.107,1427.121,-6882.163
8.751801,-71,240,-2100,7,15,-19,14796.454,263.284,1422.628,-6885.289
8.771790,-75,227,-2094,6,16,-17,14795.393,265.774,1417.887,-6888.450,363,-222,-180,26855
8.791809,-70,227,-2081,7,18,-21,14794.202,268.305,1413.653,-6891.780
8.812195,-51,240,-2089,11,16,-19,14793.097,270.789,1409.206,-6894.964
8.831787,-49,246,-2097,8,18,-20,14791.957,273.164,1404.769,-6898.220
8.851776,-51,247,-2080,9,16,-21,14790.770,275.451,1400.206,-6901.603
8.871796,-61,232,-2085,7,17,-20,14789.617,277.754,1395.720,-6904.888,366,-206,-183
8.891785,-65,240,-2084,5,17,-19,14788.424,280.047,1391.447,-6908.212
8.912171,-56,227,-2071,7,17,-20,14787.169,282.532,1387.199,-6911.652
8.931763,-76,254,-2068,9,19,-19,14785.954,284.589,1382.879,-6915.032
8.951752,-62,241,-2089,7,18,-18,14784.805,286.920,1378.489,-6918.268
8.971771,-54,239,-2065,7,17,-18,14783.652,289.201,1374.092,-6921.511,370,-205,-173
8.991760,-49,245,-2093,7,17,-20,14782.516,291.316,1369.823,-6924.692
9.012146,-68,250,-2085,7,17,-19,14781.302,293.557,1365.480,-6928.047
9.031738,-64,239,-2097,7,18,-22,14780.145,295.860,1361.110,-6931.275
9.051758,-61,243,-2099,8,16,-19,14779.004,298.001,1356.838,-6934.455
9.071747,-64,243,-2072,7,15,-20,14777.832,300.188,1352.465,-6937.711,389,-205,-152
9.091736,-75,242,-2058,8,17,-18,14776.673,302.387,1348.126,-6940.928
9.112122,-58,232,-2061,8,16,-18,14775.512,304.742,1343.740,-6944.147
9.131714,-63,238,-2093,8,18,-19,14774.324,306.870,1339.559,-6947.388
9.151703,-62,245,-2086,7,17,-18,14773.132,309.171,1335.293,-6950.642
9.171692,-56,241,-2104,8,17,-18,14771.934,311.364,1331.126,-6953.888,434,-217,-122
9.191712,-55,232,-2075,8,16,-20,14770.768,313.561,1327.001,-6957.054
9.212097,-58,234,-2104,7,17,-20,14769.602,315.722,1322.600,-6960.268
9.231690,-66,232,-2071,8,18,-18,14768.482,317.819,1318.411,-6963.345
9.251709,-56,220,-2074,7,16,-19,14767.241,320.114,1314.209,-6966.664
9.271668,-54,222,-2085,8,16,-20,14765.982,322.314,1309.973,-6970.028,474,-288,-74,26876
9.291687,-36,245,-2078,8,17,-20,14764.793,324.620,1305.752,-6973.231
9.312073,-62,240,-2091,9,18,-18,14763.609,326.938,1301.671,-6976.393
9.331665,-57,229,-2085,8,18,-20,14762.315,329.231,1297.546,-6979.790
9.351654,-69,248,-2072,9,16,-20,14761.030,331.465,1293.354,-6983.180
9.371674,-63,229,-2066,7,16,-18,14759.807,333.638,1289.122,-6986.443,562,-359,-49
9.391663,-55,232,-2067,9,16,-21,14758.661,335.842,1285.084,-6989.501
9.412049,-44,246,-2075,8,16,-19,14757.443,338.160,1281.117,-6992.690
9.431641,-72,241,-2075,9,17,-20,14756.181,340.347,1277.003,-6995.997
9.451660,-74,225,-2085,9,17,-19,14754.917,342.464,1272.801,-6999.325
9.471649,-56,241,-2071,7,15,-21,14753.656,344.799,1268.644,-7002.623,646,-380,-101
9.491638,-68,232,-2051,8,18,-21,14752.491,346.953,1264.445,-7005.729
9.512024,-59,246,-2072,6,17,-19,14751.360,349.158,1260.287,-7008.751
9.531647,-49,233,-2116,7,17,-19,14750.275,351.334,1255.967,-7011.700
9.551636,-62,248,-2075,6,18,-18,14749.078,353.506,1251.924,-7014.832
9.571655,-68,237,-2098,8,18,-18,14747.856,355.687,1247.658,-7018.050,735,-364,-90
9.591614,-63,247,-2101,7,17,-18,14746.661,357.764,1243.316,-7021.225
9.612000,-47,244,-2076,6,17,-17,14745.519,359.863,1239.294,-7024.226
9.631623,-52,232,-2108,7,16,-17,14744.291,362.020,1235.058,-7027.438
9.651612,-57,227,-2091,8,16,-17,14743.142,364.144,1230.814,-7030.482
9.671601,-59,249,-2074,8,19,-18,14742.051,366.194,1226.817,-7033.362,830,-349,-84
9.691590,-57,221,-2096,7,17,-18,14740.802,368.385,1222.856,-7036.555
9.711975,-49,240,-2055,9,16,-18,14739.489,370.535,1218.687,-7039.915
9.731598,-69,241,-2113,9,17,-19,14738.244,372.824,1214.753,-7043.080
9.751587,-39,245,-2103,9,18,-19,14737.035,375.073,1210.615,-7046.202
9.771576,-46,240,-2072,6,17,-19,14735.713,377.191,1206.501,-7049.558,919,-385,-118,26896
9.791657,-63,246,-2091,8,18,-20,14734.442,379.240,1202.467,-7052.794
9.811951,-73,247,-2078,6,16,-20,14733.134,381.382,1198.386,-7056.104
9.831574,-58,217,-2065,7,18,-19,14731.883,383.462,1194.408,-7059.277
9.851563,-66,228,-2079,8,17,-18,14730.655,385.711,1190.410,-7062.392
9.871552,-52,248,-2103,7,18,-20,14729.387,387.827,1186.232,-7065.624,1007,-383,-118
9.891541,-51,238,-2064,6,17,-21,14728.109,389.893,1182.254,-7068.841
9.911926,-52,240,-2100,7,16,-19,14726.897,392.092,1178.268,-7071.908
9.931549,-58,230,-2058,7,17,-18,14725.621,394.179,1174.129,-7075.137
9.951538,-73,232,-2060,8,17,-19,14724.335,396.349,1170.110,-7078.357
9.971527,-65,230,-2099,8,18,-17,14723.187,398.652,1166.196,-7081.260,1117,-363,-71
9.991547,-74,228,-2060,8,19,-18,14722.042,400.709,1162.123,-7084.194
10.011902,-74,229,-2069,7,18,-17,14720.904,403.015,1158.034,-7087.098
10.031525,-76,231,-2075,7,18,-17,14719.612,405.172,1154.136,-7090.293
10.051514,-53,244,-2077,8,18,-20,14718.354,407.313,1150.238,-7093.416
10.071503,-49,239,-2078,9,16,-20,14717.163,409.335,1146.249,-7096.415,1193,-311,-32
10.091492,-59,225,-2064,8,15,-18,14715.853,411.267,1142.362,-7099.647
10.111878,-55,240,-2107,9,18,-19,14714.684,413.382,1138.513,-7102.563
10.131500,-48,242,-2100,8,17,-19,14713.341,415.517,1134.684,-7105.833
10.151489,-63,246,-2068,9,17,-19,14712.044,417.774,1130.843,-7108.999
10.171509,-78,244,-2070,8,18,-20,14710.721,420.007,1126.872,-7112.235,1291,-388,-97
10.191498,-64,245,-2058,6,17,-20,14709.436,422.059,1123.009,-7115.381
10.211884,-58,239,-2100,7,17,-17,14708.132,424.136,1119.069,-7118.572
10.231476,-57,238,-2075,7,17,-20,14706.873,426.267,1115.227,-7121.648
10.251465,-49,242,-2074,8,17,-19,14705.620,428.646,1111.410,-7124.689
10.271485,-66,227,-2097,11,18,-19,14704.232,430.761,1107.507,-7128.034,1352,-378,-191,26929
10.291474,-62,240,-2107,7,17,-20,14703.079,432.837,1103.547,-7130.900
10.311829,-57,241,-2072,6,18,-18,14701.743,434.829,1099.781,-7134.115
10.331452,-55,246,-2088,8,17,-18,14700.525,436.820,1095.968,-7137.090
10.351441,-44,238,-2077,11,17,-19,14699.177,438.771,1092.041,-7140.348
10.371460,-66,238,-2098,7,16,-21,14697.995,440.737,1088.184,-7143.247,1371,-383,-327
10.391449,-53,249,-2071,7,16,-18,14696.724,442.953,1084.329,-7146.310
10.411865,-49,251,-2061,8,18,-21,14695.547,444.990,1080.683,-7149.157
10.431458,-77,233,-2094,8,16,-16,14694.333,447.110,1076.869,-7152.095
10.451447,-48,245,-2074,8,17,-19,14693.044,449.109,1073.138,-7155.178
10.471436,-53,250,-2083,9,16,-17,14691.821,451.233,1069.412,-7158.112,1356,-349,-406
10.491425,-42,231,-2113,11,16,-18,14690.599,453.321,1065.703,-7161.041
10.511780,-54,244,-2064,8,18,-19,14689.343,455.237,1062.068,-7164.035
10.531403,-55,250,-2083,8,16,-19,14688.041,457.250,1058.462,-7167.110
10.551392,-55,249,-2071,9,16,-20,14686.811,459.201,1054.594,-7170.074
10.571411,-49,257,-2064,6,17,-18,14685.551,461.278,1050.799,-7173.079,1369,-355,-465
10.591400,-52,226,-2091,6,17,-19,14684.253,463.337,1047.031,-7176.155
10.611786,-65,246,-2096,8,18,-20,14682.977,465.265,1043.267,-7179.188
10.631378,-62,227,-2095,9,17,-19,14681.613,467.096,1039.430,-7182.415
10.651398,-40,234,-2094,7,17,-22,14680.284,469.155,1035.741,-7185.529
10.671387,-61,240,-2071,8,17,-19,14678.969,471.078,1031.992,-7188.628,1432,-323,-473
10.691376,-61,235,-2077,8,16,-20,14677.596,473.108,1028.515,-7191.797
10.711762,-70,227,-2065,7,16,-20,14676.329,474.812,1024.707,-7194.813
10.731384,-63,238,-2093,5,15,-17,14675.032,476.930,1021.056,-7197.837
10.751373,-55,239,-2077,9,18,-18,14673.708,478.843,1017.330,-7200.935
10.771363,-54,215,-2095,9,16,-20,14672.275,480.986,1013.574,-7204.241,1550,-268,-401,26939
10.791352,-55,239,-2098,6,18,-21,14670.891,482.904,1009.834,-7207.457
10.811737,-56,256,-2060,7,16,-20,14669.523,484.866,1006.081,-7210.633
10.831360,-46,232,-2087,6,17,-19,14668.153,486.764,1002.459,-7213.796
10.851349,-78,225,-2097,8,17,-21,14666.749,488.727,998.963,-7217.002
10.871338,-76,228,-2079,9,15,-20,14665.368,490.597,995.586,-7220.148,1555,-237,-424
10.891327,-52,233,-2081,9,16,-20,14664.195,492.479,991.882,-7222.912
10.911713,-45,241,-2064,8,16,-16,14662.829,494.499,988.265,-7226.041
10.931336,-54,239,-2081,8,17,-21,14661.493,496.160,984.839,-7229.106
10.951325,-64,249,-2049,7,16,-19,14660.191,497.972,981.333,-7232.098
10.971314,-71,244,-2057,7,17,-20,14658.818,500.061,977.785,-7235.216,1557,-173,-431
10.991303,-56,223,-2059,8,17,-19,14657.481,502.023,974.059,-7238.292
11.011749,-52,228,-2074,7,17,-20,14656.077,504.002,970.490,-7241.477
11.031311,-61,248,-2078,8,17,-20,14654.705,505.991,966.925,-7244.591
11.051361,-55,254,-2069,8,16,-20,14653.364,507.813,963.248,-7247.665
11.071289,-79,215,-2104,9,17,-19,14652.067,509.803,959.672,-7250.620,1564,-178,-445
11.091278,-40,251,-2090,8,15,-18,14650.784,511.870,956.170,-7253.529
11.111664,-50,223,-2086,7,16,-18,14649.390,513.759,952.593,-7256.681
11.131287,-71,232,-2071,8,19,-20,14648.131,515.627,949.039,-7259.555
11.151337,-62,242,-2095,6,16,-17,14646.774,517.642,945.368,-7262.627
11.171265,-55,248,-2069,8,17,-18,14645.434,519.562,941.859,-7265.650
11.191254,-73,227,-2075,8,17,-19,14644.097,521.381,938.266,-7268.677,1575,-174,-462
11.211640,-53,224,-2089,7,17,-20,14642.698,523.220,934.860,-7271.802
11.231262,-60,227,-2079,9,16,-18,14641.419,524.984,931.371,-7274.697
11.251251,-68,253,-2075,8,15,-19,14640.153,526.799,927.966,-7277.548
11.271240,-75,232,-2070,9,17,-19,14638.719,528.523,924.476,-7280.753,1575,-174,-462,26953
11.291229,-57,238,-2071,8,18,-21,14637.381,530.539,921.097,-7283.723,1606,-176,-469
11.311615,-60,223,-2096,7,16,-20,14636.044,532.577,917.604,-7286.701
11.331238,-62,242,-2079,9,18,-20,14634.735,534.602,913.883,-7289.650
11.351227,-72,246,-2070,6,19,-17,14633.447,536.359,910.453,-7292.534
11.371216,-58,225,-2094,9,15,-18,14632.041,538.233,906.877,-7295.662
11.391236,-51,239,-2043,7,18,-21,14630.743,540.111,903.447,-7298.551,1634,-188,-492
11.411621,-63,246,-2074,9,18,-18,14629.388,541.970,900.053,-7301.549
11.431214,-63,240,-2067,9,16,-19,14628.083,543.823,896.896,-7304.414
11.451203,-61,244,-2103,11,15,-18,14626.788,545.734,893.375,-7307.295
11.471222,-70,250,-2083,7,17,-17,14625.578,547.634,889.610,-7310.034
11.491211,-52,241,-2091,7,19,-18,14624.173,549.608,886.241,-7313.105,1657,-194,-500
11.511597,-54,237,-2077,8,16,-21,14622.768,551.522,882.830,-7316.182
11.531189,-80,250,-2078,7,19,-22,14621.376,553.540,879.467,-7319.217
11.551178,-69,245,-2078,9,17,-18,14620.021,555.373,875.867,-7322.215
11.571198,-75,230,-2085,6,17,-20,14618.579,557.335,872.368,-7325.362
11.591187,-54,233,-2094,8,18,-20,14617.180,559.157,868.961,-7328.419,1668,-194,-512
11.611572,-45,234,-2066,7,18,-19,14615.733,560.874,865.699,-7331.559
11.631165,-55,244,-2078,7,16,-21,14614.251,562.655,862.238,-7334.785
11.651154,-52,241,-2081,9,17,-21,14612.981,564.520,858.864,-7337.568
11.671173,-62,238,-2077,7,17,-18,14611.597,566.274,855.419,-7340.589
11.691162,-69,235,-2086,6,16,-19,14610.234,568.134,851.770,-7343.583,1702,-211,-489
11.711548,-71,232,-2066,5,17,-20,14608.802,569.877,848.549,-7346.669
11.731140,-55,250,-2087,7,16,-19,14607.450,571.806,845.015,-7349.615
11.751160,-52,248,-2087,6,18,-18,14606.020,573.587,841.605,-7352.708
11.771149,-53,239,-2065,9,17,-21,14604.677,575.341,838.545,-7355.587,1702,-211,-489,26990
11.791138,-59,218,-2088,8,18,-17,14603.313,577.148,835.319,-7358.520,2821,-555,120
11.811524,-68,251,-2103,8,15,-18,14602.005,579.026,832.133,-7361.330
11.831146,-49,231,-2098,8,17,-18,14600.661,580.869,828.812,-7364.223
11.851105,-59,251,-2076,9,18,-19,14599.417,582.375,825.384,-7366.955
11.871124,-71,238,-2048,5,16,-15,14598.071,584.002,821.885,-7369.884
11.891236,-70,221,-2090,8,18,-20,14596.705,586.078,818.338,-7372.819,4456,-2860,3523
11.911499,-53,245,-2069,8,22,-17,14595.385,587.927,814.752,-7375.683
11.931122,-49,240,-2097,5,18,-18,14594.058,589.779,811.372,-7378.533
11.951111,-63,231,-2089,6,19,-20,14592.714,591.579,807.970,-7381.419
11.971100,-60,237,-2067,7,17,-18,14591.299,594.161,804.807,-7384.354
11.991089,-64,245,-2085,11,19,-20,14589.811,596.001,801.518,-7387.503,1852,-6104,6897
12.011475,-60,240,-2068,8,18,-19,14588.348,598.033,798.357,-7390.570
12.031067,-68,229,-2080,11,18,-20,14586.937,599.930,794.941,-7393.568
12.051087,-65,246,-2076,8,18,-20,14585.471,601.717,791.508,-7396.683
12.071076,-58,224,-2109,6,19,-19,14584.168,603.452,788.000,-7399.484
12.091065,-64,242,-2069,6,16,-19,14582.812,605.198,784.833,-7402.351,-1569,-8812,4986
12.111450,-52,232,-2060,8,16,-19,14581.405,606.861,781.507,-7405.338
12.131073,-68,231,-2087,7,17,-19,14579.983,608.758,778.166,-7408.332
12.151062,-69,244,-2096,8,17,-18,14578.665,610.478,774.929,-7411.123
12.171051,-73,237,-2098,7,20,-19,14577.252,612.276,771.514,-7414.110
12.191040,-48,230,-2071,8,19,-19,14575.888,614.148,768.263,-7416.975,-3289,-10264,3531
12.211426,-72,232,-2074,8,18,-18,14574.599,615.992,765.173,-7419.674
12.231110,-53,232,-2081,9,18,-18,14573.256,617.797,762.024,-7422.484
12.251038,-61,243,-2084,8,16,-17,14571.887,619.693,758.802,-7425.344
12.271027,-62,258,-2085,9,18,-19,14570.636,621.531,755.619,-7427.971,-3289,-10264,3531,26995
12.291046,-62,247,-2103,8,18,-17,14569.213,623.264,752.360,-7430.945,-5066,-9136,3009
12.311402,-80,242,-2052,6,17,-19,14567.815,625.184,749.219,-7433.843
12.331024,-62,231,-2086,8,17,-19,14566.543,627.076,745.984,-7436.500
12.351013,-64,231,-2075,7,17,-17,14565.112,628.846,742.856,-7439.467
12.371002,-51,229,-2086,9,16,-19,14563.716,630.662,739.695,-7442.360
12.390991,-56,245,-2097,7,17,-20,14562.362,632.456,736.397,-7445.183,-5918,-8032,2513
12.411316,-84,253,-2038,6,18,-19,14560.827,634.013,733.090,-7448.379
12.430939,-57,234,-2105,6,15,-21,14559.445,635.541,730.019,-7451.252
12.450958,-69,240,-2096,7,16,-18,14558.075,637.240,726.762,-7454.101
; 12 stopping logging: shutdown: switched off
