;Title, http://www.gcdataconcepts.com, HAM-IMU+alt, MPU9250 BMP280
;Version, 1379, Build date, Jan 12 2018,  SN:CCDC50029F4C138
;Start_time, 2018-06-02, 18:16:35.435
;Temperature, -999.00, deg C,  Vbat, 3706, mv
;MPU SR, 200,Hz,  Accel sens, 2048,counts/g, Gyro sens, 16,counts/dps,  Mag SR, 10,Hz,  Mag sens, 1666,counts/mT
;BMP280 SI, 0.500,s 
;Deadband, 0, counts
;DeadbandTimeout, 5,sec
;Time, Ax, Ay, Az, Gx, Gy, Gz, Qw, Qx, Qy, Qz, Mx, My, Mz, P, T
0.008637,-18,17,-2172,-25,-80,5,14309.146,-4124.148,6054.960,-3164.275,259,-292,-496,100068,29740
0.008973,-14,13,-2140,-23,-79,5,14313.034,-4129.714,6044.942,-3158.582
0.022034,-10,32,-2135,-24,-80,6,14316.930,-4135.256,6034.918,-3152.834,267,-294,-495
0.042023,-13,10,-2127,-24,-80,8,14320.811,-4140.599,6024.955,-3147.247
0.062409,-32,17,-2150,-23,-78,6,14324.694,-4146.110,6014.922,-3141.504,267,-294,-495,100065,29750
0.082001,-20,30,-2114,-24,-79,6,14328.586,-4151.508,6004.910,-3135.777
0.101990,-23,11,-2154,-23,-77,5,14332.402,-4157.213,5994.902,-3129.924
0.121979,-24,12,-2106,-25,-80,6,14336.229,-4162.801,5984.853,-3124.193,262,-294,-493
0.141968,-2,15,-2136,-24,-80,6,14339.994,-4168.328,5974.819,-3118.746
0.162354,-12,18,-2146,-24,-80,4,14343.747,-4173.960,5964.897,-3112.943
0.182007,-8,22,-2124,-24,-79,6,14347.613,-4179.415,5954.829,-3107.077
0.201935,-13,20,-2152,-24,-79,7,14351.360,-4184.842,5944.978,-3101.328
0.221924,-14,7,-2139,-24,-80,6,14355.122,-4190.303,5935.016,-3095.615,260,-286,-497
0.241883,-6,27,-2151,-24,-80,5,14358.828,-4195.738,5925.159,-3089.944
0.262268,-20,32,-2135,-22,-77,6,14362.541,-4201.379,5915.096,-3084.298
0.281891,-4,20,-2172,-25,-80,6,14366.323,-4206.672,5905.158,-3078.507
0.301850,-7,27,-2135,-24,-79,6,14370.113,-4211.932,5895.154,-3072.792
0.321839,-24,28,-2143,-23,-77,5,14373.727,-4217.416,5885.332,-3067.192,260,-294,-493
0.341828,-28,32,-2150,-22,-78,6,14377.419,-4222.775,5875.464,-3061.428
0.362214,-13,14,-2123,-23,-80,6,14381.046,-4228.296,5865.566,-3055.748
0.381806,-18,12,-2141,-24,-79,5,14384.556,-4233.757,5855.902,-3050.196
0.401795,-19,34,-2149,-22,-80,5,14388.142,-4239.070,5846.172,-3044.560
0.421784,-22,27,-2132,-23,-78,6,14391.719,-4244.600,5836.342,-3038.805,255,-291,-490
0.441773,-10,16,-2133,-23,-80,6,14395.323,-4250.101,5826.404,-3033.108
0.462128,-25,5,-2133,-24,-81,7,14398.753,-4255.472,5816.905,-3027.525
0.481751,-12,22,-2131,-22,-80,6,14402.335,-4260.857,5806.976,-3021.970
0.501740,-22,18,-2158,-24,-78,6,14405.862,-4266.179,5797.284,-3016.253
0.521729,-28,23,-2123,-23,-79,6,14409.411,-4271.669,5787.392,-3010.520,256,-290,-496
0.541718,-35,25,-2161,-26,-79,6,14412.909,-4277.074,5777.751,-3004.617
0.562104,-9,22,-2156,-24,-81,8,14416.421,-4282.448,5767.932,-2998.970,256,-290,-496,100064,29760
0.581665,-37,20,-2126,-24,-78,6,14419.958,-4287.892,5757.989,-2993.291
0.601654,-16,20,-2155,-24,-81,7,14423.399,-4293.259,5748.243,-2987.745
0.621643,-29,34,-2145,-24,-79,5,14426.881,-4298.539,5738.519,-2982.028,262,-289,-490
0.641632,-31,38,-2134,-23,-79,7,14430.399,-4303.672,5728.671,-2976.532
0.662018,-31,31,-2158,-25,-78,6,14433.908,-4308.851,5718.829,-2970.945
0.681610,-35,22,-2135,-24,-78,6,14437.374,-4313.972,5709.055,-2965.467
0.701599,-31,23,-2143,-23,-78,5,14440.813,-4319.242,5699.309,-2959.791
0.721589,3,39,-2143,-23,-78,6,14444.291,-4324.485,5689.455,-2954.117,268,-283,-494
0.741578,-35,23,-2133,-25,-80,8,14447.702,-4329.763,5679.708,-2948.457
0.761933,-14,21,-2145,-24,-80,6,14451.076,-4335.110,5669.935,-2942.873
0.781556,-32,34,-2163,-25,-78,5,14454.491,-4340.174,5660.201,-2937.371
0.801545,2,24,-2155,-21,-77,5,14457.853,-4345.482,5650.421,-2931.798
0.821534,-13,29,-2129,-22,-80,4,14461.142,-4350.835,5640.761,-2926.233,252,-288,-487
0.841492,-15,27,-2151,-22,-80,7,14464.477,-4356.105,5631.070,-2920.569
0.861878,-23,25,-2149,-23,-80,7,14467.849,-4361.456,5621.304,-2914.693
0.881470,-17,13,-2135,-24,-82,7,14471.196,-4366.639,5611.646,-2908.919
0.901459,-26,6,-2171,-22,-79,6,14474.564,-4371.846,5601.871,-2903.174
0.921448,-23,23,-2140,-26,-79,7,14477.855,-4377.119,5592.057,-2897.736,259,-302,-492
0.941437,-7,24,-2133,-22,-78,5,14481.128,-4382.257,5582.318,-2892.390
0.961792,-26,5,-2150,-25,-79,6,14484.421,-4387.441,5572.707,-2886.572
0.981446,-14,12,-2162,-24,-79,8,14487.628,-4392.759,5563.168,-2880.778
1.001404,-27,25,-2175,-22,-80,7,14490.917,-4397.776,5553.525,-2875.185
1.021393,-17,14,-2112,-23,-79,6,14494.129,-4402.962,5543.819,-2869.784,254,-297,-503
1.041382,-19,35,-2127,-23,-80,5,14497.300,-4408.225,5534.307,-2864.038
1.061737,-27,14,-2133,-23,-81,7,14500.524,-4413.348,5524.636,-2858.496
1.081330,-20,31,-2182,-23,-78,5,14503.704,-4418.345,5515.143,-2852.965,254,-297,-503,100059,29750
1.101349,-24,22,-2144,-21,-78,5,14506.917,-4423.376,5505.606,-2847.248
1.121338,-18,16,-2149,-23,-80,6,14510.093,-4428.407,5496.135,-2841.541,260,-286,-495
1.141327,-19,13,-2171,-22,-81,7,14513.205,-4433.523,5486.686,-2835.923
1.161683,-18,16,-2152,-23,-78,7,14516.387,-4438.526,5477.128,-2830.284
1.181275,-21,31,-2162,-24,-78,5,14519.525,-4443.737,5467.462,-2824.690
1.201264,-7,20,-2139,-23,-80,5,14522.675,-4448.876,5457.899,-2818.895
1.221253,-39,17,-2144,-23,-79,7,14525.754,-4453.944,5448.383,-2813.435,255,-286,-493
1.241242,-15,24,-2142,-22,-77,5,14528.953,-4458.881,5438.789,-2807.651
1.261597,-22,22,-2147,-25,-80,7,14532.007,-4463.986,5429.436,-2801.832
1.281220,-22,5,-2130,-22,-80,8,14535.044,-4468.939,5420.057,-2796.335
1.301209,-19,3,-2137,-21,-78,7,14538.080,-4473.893,5410.674,-2790.799
1.321198,-13,20,-2124,-22,-79,5,14541.110,-4478.924,5401.157,-2785.372,261,-295,-492
1.341187,-8,8,-2141,-23,-79,3,14544.106,-4484.048,5391.595,-2780.008
1.361542,-14,32,-2156,-24,-80,3,14547.128,-4488.993,5382.181,-2774.448
1.381165,-9,26,-2158,-23,-78,7,14550.171,-4493.897,5372.715,-2768.893
1.401215,-20,23,-2156,-23,-78,7,14553.251,-4498.698,5363.325,-2763.113
1.421112,-29,34,-2135,-23,-80,7,14556.223,-4503.694,5353.800,-2757.783,260,-286,-483
1.441101,-9,29,-2143,-24,-79,6,14559.163,-4508.792,5344.342,-2752.273
1.461487,-24,30,-2136,-23,-78,5,14562.151,-4513.800,5334.817,-2746.733
1.481079,-23,24,-2133,-23,-79,6,14565.085,-4518.846,5325.448,-2741.054
1.501068,-8,34,-2124,-23,-80,7,14567.986,-4523.820,5316.135,-2735.505
1.521058,-15,22,-2149,-22,-81,7,14570.901,-4528.736,5306.743,-2730.075,256,-288,-489
1.541047,-17,21,-2123,-23,-78,6,14573.800,-4533.567,5297.502,-2724.522
1.561432,-22,19,-2158,-23,-80,6,14576.732,-4538.602,5287.962,-2718.985
1.581025,-15,18,-2136,-23,-79,7,14579.612,-4543.535,5278.499,-2713.684,256,-288,-489,100054,29750
1.601014,-13,42,-2112,-23,-78,6,14582.585,-4548.362,5268.982,-2708.114
1.620972,-23,14,-2156,-25,-78,7,14585.535,-4553.108,5259.580,-2702.523,255,-291,-495
1.640992,-26,23,-2126,-24,-78,6,14588.443,-4557.920,5250.203,-2696.941
1.661347,-1,30,-2117,-25,-79,8,14591.321,-4562.703,5240.842,-2691.486
1.680939,-3,21,-2153,-22,-77,7,14594.279,-4567.574,5231.300,-2685.743
1.700928,-23,19,-2141,-26,-80,6,14597.103,-4572.423,5221.932,-2680.374
1.720917,-22,8,-2144,-23,-78,6,14599.903,-4577.418,5212.518,-2674.911,258,-291,-500
1.740906,-9,10,-2130,-24,-80,6,14602.755,-4582.191,5203.267,-2669.180
1.761292,-14,6,-2101,-23,-78,7,14605.484,-4587.086,5194.132,-2663.626
1.780884,-24,39,-2122,-23,-79,7,14608.394,-4591.741,5184.762,-2657.895
1.800873,-26,24,-2153,-25,-77,7,14611.228,-4596.389,5175.480,-2652.366
1.820862,11,15,-2130,-23,-80,6,14614.087,-4601.074,5165.986,-2647.001,260,-291,-490
1.840851,-33,30,-2117,-25,-77,6,14616.820,-4605.922,5156.687,-2641.601
1.861206,-11,45,-2162,-23,-78,5,14619.598,-4610.737,5147.353,-2636.028
1.880829,-16,19,-2156,-23,-81,7,14622.375,-4615.573,5137.989,-2630.427
1.900818,-15,18,-2137,-23,-79,5,14625.211,-4620.187,5128.655,-2624.766
1.920807,-20,32,-2165,-24,-78,7,14627.871,-4624.930,5119.496,-2619.465,253,-294,-483
1.940766,-32,36,-2143,-21,-78,5,14630.571,-4629.752,5110.191,-2614.032
1.961151,-37,11,-2137,-24,-79,5,14633.364,-4634.376,5100.783,-2608.574
1.980744,-16,31,-2140,-24,-79,6,14636.022,-4639.132,5091.627,-2603.087
2.000733,-5,32,-2153,-22,-79,5,14638.776,-4643.773,5082.300,-2597.552
2.020722,-17,23,-2144,-24,-78,7,14641.474,-4648.364,5073.081,-2592.147,255,-291,-490
2.040711,-16,28,-2133,-24,-78,6,14644.086,-4653.020,5064.090,-2586.616
2.061097,-25,21,-2136,-23,-80,7,14646.683,-4657.751,5055.007,-2581.158
2.080689,-29,31,-2137,-23,-78,7,14649.316,-4662.559,5045.738,-2575.663,255,-291,-490,100049,29760
2.100678,-21,21,-2151,-24,-79,6,14651.988,-4667.019,5036.588,-2570.294
2.120667,-24,22,-2129,-24,-78,5,14654.593,-4671.825,5027.286,-2564.914,255,-301,-488
2.140656,-11,13,-2127,-24,-79,5,14657.146,-4676.645,5018.072,-2559.581
2.161011,-28,17,-2123,-23,-80,5,14659.716,-4681.334,5008.985,-2554.083
2.180603,-10,11,-2155,-24,-80,6,14662.271,-4686.048,4999.847,-2548.670
2.200623,-36,15,-2156,-24,-79,5,14664.772,-4690.790,4990.734,-2543.413
2.220612,-14,14,-2135,-23,-79,4,14667.335,-4695.480,4981.596,-2537.890,259,-295,-489
2.240601,-12,16,-2142,-23,-80,5,14669.840,-4700.238,4972.463,-2532.508
2.260956,-29,30,-2142,-24,-78,7,14672.373,-4704.984,4963.236,-2527.115
2.280548,-21,33,-2136,-24,-79,5,14674.902,-4709.708,4954.070,-2521.610
2.300537,-20,18,-2124,-24,-78,7,14677.396,-4714.378,4945.032,-2516.105
2.320526,-34,13,-2166,-24,-80,6,14679.864,-4719.177,4935.872,-2510.686,256,-290,-487
2.340516,-20,35,-2158,-24,-80,5,14682.303,-4723.875,4926.843,-2505.318
2.360901,-7,24,-2154,-23,-80,6,14684.821,-4728.274,4917.859,-2499.910
2.380494,-21,19,-2153,-23,-78,7,14687.384,-4732.792,4908.652,-2494.391
2.400483,-35,25,-2141,-24,-80,7,14689.801,-4737.559,4899.543,-2489.016
2.420472,-26,25,-2136,-23,-80,4,14692.253,-4742.127,4890.485,-2483.652,266,-285,-496
2.440461,-11,15,-2158,-24,-77,7,14694.704,-4746.589,4881.450,-2478.391
2.460846,-19,29,-2175,-23,-78,5,14697.146,-4751.249,4872.323,-2472.942
2.480439,-27,22,-2151,-24,-80,5,14699.519,-4755.864,4863.342,-2467.636
2.500397,-24,38,-2159,-23,-79,5,14701.946,-4760.312,4854.282,-2462.432
2.520417,-17,25,-2158,-23,-77,5,14704.250,-4765.021,4845.347,-2457.160,252,-297,-501
2.540375,-25,6,-2125,-23,-80,6,14706.655,-4769.544,4836.181,-2452.044
2.560761,-7,24,-2127,-23,-77,5,14709.015,-4774.155,4827.124,-2446.758
2.580384,-397,-222,-2107,-24,-79,5,14711.290,-4778.829,4817.760,-2442.409,252,-297,-501,100044,29760
2.600373,-71,-102,-2060,-24,-81,-19,14708.375,-4793.561,4798.450,-2468.969
2.620423,-41,161,-2163,-40,-77,-225,14707.060,-4804.908,4784.026,-2482.692,265,-284,-490
2.640351,-42,-19,-2120,-32,-70,-31,14708.740,-4811.713,4770.398,-2485.785
2.660706,-26,7,-2144,-25,-78,-2,14711.059,-4816.023,4761.594,-2480.592
2.680298,92,132,-2165,-22,-78,6,14713.375,-4820.359,4752.525,-2475.817
2.700318,-170,-139,-2240,-24,-78,0,14708.082,-4839.966,4729.490,-2512.851
2.720307,-245,-89,-2145,-19,-87,-369,14703.579,-4857.038,4707.230,-2547.812,260,-296,-481
2.740265,-60,93,-2119,-31,-82,-202,14700.504,-4870.767,4687.915,-2574.820
2.760651,31,-58,-2134,-23,-74,-326,14692.225,-4894.204,4659.519,-2628.615
2.780243,-9,27,-2142,-23,-79,-223,14693.705,-4899.803,4649.457,-2627.726
2.800232,-31,27,-2125,-23,-77,4,14695.931,-4904.221,4640.597,-2622.692
2.820221,-25,17,-2154,-25,-79,5,14698.210,-4908.260,4631.932,-2617.680,253,-301,-500
2.840210,-18,28,-2160,-24,-77,7,14700.385,-4912.558,4623.259,-2612.728
2.860596,-49,23,-2122,-25,-78,5,14702.677,-4916.637,4614.578,-2607.506
2.880188,-29,7,-2116,-25,-78,8,14704.943,-4920.709,4605.846,-2602.475
2.900177,-12,14,-2132,-24,-77,6,14707.191,-4924.820,4597.208,-2597.264
2.920166,-20,26,-2152,-24,-78,6,14709.413,-4928.958,4588.489,-2592.244,243,-296,-490
2.940155,-1,25,-2161,-25,-78,6,14711.779,-4932.936,4579.627,-2586.917
2.960511,-22,36,-2142,-25,-77,6,14714.023,-4937.124,4570.864,-2581.658
2.980133,-22,24,-2146,-25,-77,8,14716.178,-4941.255,4562.295,-2576.623
3.000092,4,29,-2137,-24,-79,5,14718.463,-4945.192,4553.636,-2571.334
3.020081,-3,28,-2145,-26,-78,5,14720.657,-4949.230,4544.870,-2566.507,246,-301,-500
3.040070,-26,23,-2137,-24,-76,4,14722.908,-4953.061,4536.227,-2561.494
3.060456,-13,34,-2132,-25,-76,6,14725.047,-4957.038,4527.721,-2556.549
3.080048,-11,19,-2142,-23,-77,6,14727.108,-4960.990,4519.478,-2551.592,246,-301,-500,100088,29760
3.100037,-20,12,-2151,-20,-78,4,14729.112,-4965.014,4511.297,-2546.670
3.120057,-23,19,-2166,-22,-77,5,14731.183,-4968.918,4502.961,-2541.824,247,-297,-505
3.140015,-34,15,-2159,-23,-77,4,14733.254,-4972.827,4494.557,-2537.047
3.160401,-14,-2,-2090,-23,-78,5,14735.432,-4976.489,4486.247,-2531.921
3.179993,3,29,-2151,-24,-77,7,14737.395,-4980.396,4478.166,-2527.112
3.199982,-25,24,-2154,-23,-78,5,14739.389,-4984.319,4470.078,-2522.065
3.219971,-21,15,-2136,-22,-75,7,14741.427,-4988.277,4461.754,-2517.061,246,-306,-490
3.239960,-14,22,-2144,-24,-77,5,14743.746,-4991.900,4452.876,-2512.015
3.260346,-63,69,-2198,-25,-75,5,14746.025,-4995.504,4444.092,-2507.024
3.279938,-23,11,-2116,-28,-73,6,14748.019,-4999.342,4435.766,-2502.382
3.299927,-17,17,-2123,-23,-79,6,14749.964,-5003.129,4427.831,-2497.399
3.319886,-11,11,-2114,-19,-77,8,14751.762,-5007.055,4420.157,-2492.499,246,-303,-493
3.339875,-34,72,-2175,-21,-78,8,14753.547,-5010.980,4412.516,-2487.581
3.360260,25,-29,-2114,-22,-76,7,14755.656,-5014.757,4403.918,-2482.692
3.379853,-36,22,-2168,-26,-76,6,14757.795,-5018.448,4395.253,-2477.871
3.399842,4,-66,-1960,-23,-76,5,14759.893,-5022.067,4386.851,-2472.930
3.419831,85,-5,-2086,-24,-76,6,14761.666,-5026.129,4379.016,-2467.974,245,-304,-487
3.439820,-22,19,-2175,-21,-76,6,14763.581,-5029.988,4370.946,-2462.958
3.460205,-14,24,-2137,-23,-77,8,14765.664,-5033.592,4362.523,-2458.039
3.479798,-23,23,-2154,-23,-75,6,14767.726,-5037.174,4354.038,-2453.352
3.499787,-4,27,-2143,-24,-74,4,14769.843,-5040.730,4345.360,-2448.683
3.519776,-8,18,-2169,-24,-73,5,14771.890,-5044.601,4336.706,-2443.700,252,-283,-489
3.539765,-22,25,-2122,-27,-77,7,14773.938,-5048.223,4328.263,-2438.803
3.560120,-17,21,-2137,-22,-76,7,14775.811,-5052.133,4319.986,-2434.036
3.579743,-18,26,-2145,-24,-77,3,14777.604,-5056.104,4311.884,-2429.265,252,-283,-489,100192,29760
3.599732,-9,9,-2140,-22,-77,6,14779.717,-5059.628,4303.365,-2424.171
3.619690,-22,2,-2130,-26,-76,7,14781.602,-5063.393,4295.232,-2419.239,258,-284,-481
3.639710,4,13,-2147,-23,-76,6,14783.490,-5067.117,4287.033,-2414.443
3.660065,-4,29,-2158,-24,-77,5,14785.495,-5070.562,4278.668,-2409.765
3.679657,-38,13,-2132,-24,-75,5,14787.540,-5074.035,4270.139,-2405.030
3.699646,-31,21,-2160,-24,-76,7,14789.541,-5077.496,4261.878,-2400.071
3.719635,-47,23,-2135,-24,-76,6,14791.500,-5081.091,4253.292,-2395.619,249,-285,-482
3.739624,-264,97,-2113,-24,-74,1,14792.435,-5086.440,4242.168,-2398.211
3.760010,-1572,5261,-2458,-24,-75,-63,14778.826,-5104.997,4247.724,-2432.607
3.779602,56,615,-2412,-103,-82,-671,14791.363,-5110.129,4205.450,-2419.045
3.799591,-82,18,-2113,-353,-73,-217,14803.480,-5115.837,4170.501,-2393.229
3.819580,-62,82,-2140,-121,-73,257,14812.582,-5109.777,4168.545,-2352.927,245,-285,-485
3.839631,0,62,-2140,-45,-74,163,14817.477,-5111.493,4157.735,-2337.454
3.859925,-6,24,-2125,-65,-76,16,14819.279,-5118.693,4140.674,-2340.553
3.879547,223,-473,-1757,-49,-77,-139,14814.415,-5125.886,4138.019,-2360.220
3.899537,-99,186,-2136,314,-65,-99,14798.271,-5132.232,4162.508,-2404.230
3.919526,64,5,-2057,402,-73,-268,14789.234,-5146.815,4148.246,-2452.821,251,-291,-497
3.939515,231,257,-2199,-24,-77,-221,14788.700,-5154.416,4134.814,-2462.742
3.959870,-125,-239,-2206,-24,-75,-7,14794.460,-5151.137,4136.264,-2432.385
3.979462,-53,-38,-2140,-13,-74,249,14799.775,-5147.288,4139.112,-2403.177
3.999482,34,4,-2144,-16,-78,128,14803.691,-5146.718,4137.097,-2383.671
4.019471,50,29,-2153,-19,-77,66,14805.886,-5149.493,4130.479,-2375.508,253,-284,-483
4.039460,4,8,-2173,-24,-75,15,14808.227,-5152.657,4121.773,-2369.167
4.059815,-22,28,-2156,-34,-73,11,14810.588,-5155.701,4112.232,-2364.362
4.079407,-27,35,-2172,-31,-73,3,14812.716,-5159.084,4102.894,-2359.868,253,-284,-483,99974,29760
4.099396,-59,22,-2152,-29,-74,4,14814.706,-5162.356,4094.207,-2355.304
4.119385,-31,11,-2130,-25,-76,5,14816.669,-5165.627,4085.811,-2350.365,255,-301,-490
4.139374,-4,16,-2131,-25,-76,7,14818.469,-5169.124,4077.554,-2345.659
4.159729,16,40,-2143,-25,-77,3,14820.103,-5173.000,4069.265,-2341.180
4.179352,-6,36,-2139,-26,-78,4,14821.972,-5176.586,4060.676,-2336.332
4.199341,-34,16,-2158,-26,-76,7,14824.543,-5180.499,4049.762,-2330.278
4.219300,-51,19,-2139,-64,-76,7,14829.155,-5185.246,4031.368,-2322.261,248,-301,-497
4.239319,-41,39,-2160,-102,-75,4,14834.680,-5190.701,4009.264,-2313.031
4.259674,-34,32,-2141,-114,-77,3,14839.744,-5195.860,3988.819,-2304.296
4.279267,13,35,-2132,-89,-75,4,14842.942,-5200.328,3974.862,-2297.734
4.299256,-8,31,-2146,-45,-75,5,14844.837,-5204.165,3965.593,-2292.813
4.319245,-11,44,-2115,-26,-78,5,14846.482,-5207.708,3957.432,-2288.213,249,-295,-496
4.339234,-34,40,-2152,-22,-74,5,14847.959,-5211.009,3950.063,-2283.844
4.359620,-63,34,-2139,-19,-77,7,14849.598,-5214.479,3941.928,-2279.315
4.379212,-34,34,-2120,-25,-76,6,14851.361,-5217.752,3933.612,-2274.702
4.399201,-28,36,-2150,-24,-75,6,14853.036,-5221.178,3925.518,-2269.882
4.419190,-3,30,-2147,-25,-77,6,14854.684,-5224.509,3917.433,-2265.394,255,-298,-488
4.439179,6,45,-2135,-23,-76,5,14856.246,-5228.016,3909.465,-2260.824
4.459534,1,37,-2132,-25,-77,6,14857.797,-5231.565,3901.380,-2256.383
4.479157,-25,18,-2164,-24,-76,3,14859.509,-5234.889,3892.974,-2251.911
4.499146,-44,44,-2130,-26,-74,4,14861.183,-5238.232,3884.707,-2247.365
4.519135,-44,49,-2130,-26,-75,4,14862.899,-5241.437,3876.457,-2242.789,252,-285,-498
4.539124,-15,44,-2143,-25,-75,6,14864.563,-5244.811,3868.166,-2238.176
4.559479,-12,20,-2159,-25,-77,4,14866.170,-5248.220,3860.012,-2233.588
4.579102,2,35,-2152,-24,-75,7,14867.745,-5251.625,3851.947,-2229.021,252,-285,-498,99973,29760
4.599060,-7,24,-2154,-25,-75,4,14869.309,-5255.028,3843.936,-2224.391
4.619049,-39,36,-2134,-25,-76,5,14870.864,-5258.344,3836.032,-2219.802,248,-303,-502
4.639038,-53,41,-2052,-24,-75,5,14872.481,-5261.583,3827.989,-2215.169
4.659424,-18,40,-2132,-24,-76,5,14873.952,-5265.009,3820.190,-2210.614
4.679016,-24,22,-2140,-24,-75,4,14875.586,-5268.240,3812.024,-2206.014
4.699006,-9,38,-2161,-25,-75,6,14877.092,-5271.593,3803.988,-2201.713
4.718995,-11,36,-2158,-24,-77,5,14878.655,-5274.952,3795.826,-2197.186,259,-290,-496
4.738984,5,39,-2134,-25,-75,4,14880.214,-5278.177,3787.794,-2192.746
4.759339,-30,28,-2171,-24,-76,5,14881.682,-5281.543,3779.880,-2188.326
4.778962,-28,43,-2139,-24,-75,6,14883.238,-5284.796,3771.846,-2183.751
4.798951,-48,36,-2130,-26,-76,5,14884.770,-5288.065,3763.836,-2179.209
4.818909,-18,35,-2130,-26,-78,5,14886.313,-5291.211,3755.810,-2174.878,262,-279,-493
4.838898,-1,33,-2173,-23,-74,5,14887.777,-5294.533,3747.904,-2170.403
4.859284,2,31,-2135,-25,-75,6,14889.200,-5297.850,3740.071,-2166.061
4.878876,-9,30,-2136,-25,-75,5,14890.752,-5300.925,3732.101,-2161.608
4.898865,-19,40,-2126,-25,-75,5,14892.233,-5304.186,3724.221,-2156.991
4.918854,-22,44,-2151,-24,-77,6,14893.692,-5307.453,3716.330,-2152.485,259,-292,-487
4.938813,-35,45,-2149,-25,-75,5,14895.187,-5310.659,3708.398,-2147.912
4.959198,-27,52,-2161,-25,-76,5,14896.666,-5313.871,3700.483,-2143.357
4.978821,-7,30,-2149,-26,-76,6,14898.134,-5317.151,3692.486,-2138.808
4.998780,-18,13,-2132,-23,-77,5,14899.522,-5320.440,3684.691,-2134.393
5.018860,-9,26,-2129,-25,-75,6,14900.817,-5323.846,3676.997,-2130.130,251,-286,-490
5.038788,-8,34,-2154,-24,-77,3,14902.192,-5327.321,3669.074,-2125.477
5.059204,-39,39,-2152,-25,-77,5,14903.603,-5330.448,3661.327,-2121.099
5.078736,-5,44,-2166,-23,-75,7,14905.091,-5333.490,3653.450,-2116.576,251,-286,-490,99970,29760
5.098725,-26,36,-2161,-23,-76,6,14906.488,-5336.758,3645.516,-2112.176
5.118714,-12,29,-2150,-24,-77,5,14907.942,-5339.834,3637.633,-2107.725,260,-291,-495
5.138703,-26,36,-2137,-25,-76,5,14909.373,-5342.994,3629.766,-2103.150
5.159058,-22,32,-2134,-26,-75,7,14910.808,-5346.036,3621.933,-2098.750
5.178681,-2,20,-2158,-23,-76,4,14912.237,-5349.045,3614.130,-2094.375
5.198670,-21,35,-2146,-23,-76,5,14913.594,-5352.329,3606.220,-2089.951
5.218659,-16,31,-2149,-26,-77,4,14914.909,-5355.662,3598.370,-2085.553,251,-301,-493
5.238648,-2,34,-2126,-25,-76,4,14916.252,-5358.874,3590.488,-2081.278
5.259003,-8,36,-2144,-24,-77,5,14917.640,-5361.975,3582.618,-2076.900
5.278626,3,41,-2161,-26,-76,6,14919.023,-5365.154,3574.693,-2072.412
5.298615,-22,29,-2182,-25,-76,5,14920.321,-5368.322,3567.054,-2068.020
5.318604,-28,32,-2150,-24,-75,6,14921.628,-5371.584,3559.168,-2063.697,260,-294,-486
5.338562,-20,24,-2139,-25,-77,2,14922.996,-5374.582,3551.378,-2059.416
5.358948,-19,40,-2120,-24,-73,5,14924.237,-5377.860,3543.649,-2055.177
5.378540,-17,45,-2152,-24,-76,3,14925.584,-5380.992,3535.803,-2050.707
5.398529,-14,33,-2131,-25,-76,4,14926.913,-5384.118,3528.028,-2046.216
5.418518,-10,45,-2135,-25,-76,5,14928.176,-5387.326,3520.267,-2041.917,247,-290,-489
5.438507,-29,17,-2142,-25,-76,5,14929.465,-5390.477,3512.482,-2037.578
5.458863,-27,46,-2147,-24,-76,4,14930.728,-5393.669,3504.869,-2032.983
5.478485,-22,27,-2142,-25,-77,7,14931.984,-5396.872,3497.095,-2028.639
5.498474,-33,42,-2125,-24,-77,5,14933.224,-5399.994,3489.586,-2024.131
5.518433,-25,31,-2135,-23,-76,7,14934.442,-5403.192,3481.884,-2019.866,256,-280,-482
5.538422,-15,25,-2137,-25,-77,5,14935.735,-5406.342,3474.048,-2015.370
5.558808,-23,36,-2136,-26,-76,5,14936.900,-5409.656,3466.336,-2011.120
5.578400,-14,49,-2142,-25,-76,4,14938.098,-5413.023,3458.466,-2006.700,256,-280,-482,99971,29760
5.598359,-27,39,-2137,-26,-78,4,14939.312,-5416.070,3450.878,-2002.500
5.618378,-29,30,-2153,-24,-75,4,14940.568,-5419.100,3443.133,-1998.263,258,-301,-493
5.638337,-10,17,-2136,-24,-75,3,14941.801,-5422.052,3435.538,-1994.100
5.658722,-25,24,-2136,-24,-76,4,14942.961,-5425.147,3428.009,-1989.947
5.678315,-3,35,-2149,-25,-76,5,14944.173,-5428.196,3420.401,-1985.618
5.698304,-23,44,-2146,-25,-76,5,14945.363,-5431.198,3412.802,-1981.520
5.718293,1,45,-2137,-23,-76,5,14946.556,-5434.298,3405.167,-1977.152,252,-290,-496
5.738282,-44,45,-2150,-25,-78,4,14947.718,-5437.427,3397.548,-1972.871
5.758637,-25,25,-2147,-23,-77,5,14948.954,-5440.338,3389.817,-1968.774
5.778260,-30,33,-2162,-25,-75,5,14950.162,-5443.242,3382.286,-1964.520
5.798249,-23,27,-2145,-23,-76,3,14951.365,-5446.181,3374.809,-1960.072
5.818207,-18,31,-2151,-26,-76,6,14952.576,-5449.134,3367.185,-1955.739,256,-288,-498
5.838227,-20,46,-2126,-26,-76,6,14953.715,-5452.135,3359.683,-1951.564
5.858582,-36,33,-2152,-23,-76,6,14954.813,-5455.197,3352.288,-1947.304
5.878174,-5,27,-2150,-24,-76,7,14955.988,-5458.026,3344.964,-1942.942
5.898163,-29,33,-2139,-23,-75,5,14957.073,-5461.093,3337.534,-1938.744
5.918152,-21,38,-2137,-25,-76,6,14958.270,-5463.936,3330.018,-1934.419,256,-292,-492
5.938172,-2,40,-2120,-24,-74,6,14959.423,-5466.860,3322.462,-1930.227
5.958527,-24,40,-2156,-25,-75,4,14960.548,-5469.820,3314.976,-1925.991
5.978119,-18,35,-2132,-23,-76,6,14961.736,-5472.640,3307.410,-1921.751
5.998108,-8,43,-2154,-25,-75,5,14962.782,-5475.666,3300.072,-1917.601
6.018097,-13,42,-2137,-23,-78,6,14963.903,-5478.476,3292.694,-1913.505,254,-290,-492
6.038086,-16,45,-2156,-24,-75,4,14964.996,-5481.465,3285.242,-1909.202
6.058442,-13,34,-2133,-26,-76,5,14966.078,-5484.536,3277.682,-1904.891
6.078064,-28,33,-2137,-24,-75,4,14967.162,-5487.397,3270.349,-1900.732,254,-290,-492,99973,29760
6.098053,-21,35,-2136,-24,-74,4,14968.226,-5490.389,3262.929,-1896.459
6.118012,-11,19,-2126,-23,-76,5,14969.392,-5493.099,3255.484,-1892.203,255,-289,-490
6.138031,-39,11,-2112,-24,-74,6,14970.455,-5495.976,3248.120,-1888.086
6.158387,-15,36,-2137,-24,-74,5,14971.488,-5498.924,3240.828,-1883.843
6.177979,-13,28,-2137,-24,-78,4,14972.603,-5501.755,3233.301,-1879.641
6.197968,-26,28,-2120,-25,-76,6,14973.662,-5504.733,3225.821,-1875.335
6.217957,-27,29,-2149,-24,-77,6,14974.683,-5507.749,3218.412,-1871.052,253,-294,-490
6.237946,-26,43,-2132,-26,-76,4,14975.667,-5510.880,3210.880,-1866.885
6.258332,-36,40,-2145,-26,-77,4,14976.743,-5513.749,3203.417,-1862.603
6.277985,-21,22,-2152,-25,-76,6,14977.754,-5516.696,3196.104,-1858.305
6.297913,-29,34,-2109,-25,-77,6,14978.737,-5519.646,3188.819,-1854.135
6.317902,-6,34,-2132,-24,-76,5,14979.730,-5522.543,3181.563,-1849.946,255,-289,-493
6.337860,50,110,-2202,-25,-75,6,14980.130,-5526.014,3176.051,-1845.805
6.358246,-8,39,-2126,-21,-76,7,14981.152,-5528.806,3168.752,-1841.696
6.377869,-14,35,-2126,-22,-74,4,14982.119,-5531.758,3161.468,-1837.471
6.397858,-17,46,-2149,-25,-78,6,14982.968,-5534.948,3154.276,-1833.301
6.417817,19,44,-2151,-24,-78,4,14983.879,-5537.934,3146.984,-1829.367,256,-285,-489
6.437806,-37,17,-2160,-23,-76,4,14984.734,-5541.009,3139.805,-1825.387
6.458161,-6,67,-2141,-25,-77,5,14985.668,-5543.905,3132.666,-1821.186
6.477784,-19,42,-2133,-24,-78,5,14986.541,-5546.982,3125.357,-1817.187
6.497773,-16,9,-2139,-24,-78,6,14987.520,-5549.845,3118.032,-1812.947
6.517762,-17,-1,-2141,-25,-77,5,14988.447,-5552.765,3110.782,-1808.791,262,-294,-493
6.537751,4,49,-2136,-24,-74,5,14989.407,-5555.641,3103.606,-1804.327
6.558106,0,61,-2174,-24,-76,5,14990.346,-5558.502,3096.337,-1800.199
6.577759,-36,18,-2131,-24,-75,5,14991.213,-5561.552,3088.982,-1796.189,262,-294,-493,99972,29760
6.597748,-23,31,-2136,-25,-77,4,14992.123,-5564.426,3081.749,-1792.116
6.617707,4,29,-2132,-26,-76,5,14992.997,-5567.394,3074.478,-1788.067,243,-298,-490
6.637726,-39,30,-2149,-24,-76,5,14993.952,-5570.147,3067.257,-1783.881
6.658081,-24,17,-2125,-25,-77,6,14994.912,-5572.824,3060.146,-1779.664
6.677704,-28,37,-2150,-24,-77,6,14995.856,-5575.416,3053.101,-1775.680
6.697693,-30,40,-2142,-24,-75,3,14996.737,-5578.348,3045.790,-1771.579
6.717652,-37,43,-2150,-25,-77,4,14997.706,-5581.032,3038.544,-1767.360,247,-300,-501
6.737641,3,40,-2141,-25,-76,6,14998.688,-5583.715,3031.203,-1763.154
6.757996,-20,24,-2119,-25,-75,4,14999.626,-5586.419,3024.010,-1758.957
6.777619,-16,40,-2142,-24,-75,5,15000.500,-5589.200,3017.033,-1754.642
6.797608,-8,22,-2130,-24,-77,6,15001.351,-5592.063,3009.909,-1750.481
6.817597,-42,31,-2141,-26,-77,4,15002.268,-5594.634,3002.759,-1746.682,258,-294,-500
6.837586,-10,35,-2134,-24,-74,4,15003.168,-5597.317,2995.632,-1742.591
6.857972,-18,40,-2149,-23,-75,4,15004.119,-5599.940,2988.291,-1738.570
6.877564,-27,49,-2178,-25,-76,5,15005.011,-5602.588,2981.207,-1734.501
6.897522,-9,30,-2122,-24,-74,6,15005.968,-5605.201,2973.876,-1730.357
6.917542,-4,24,-2132,-25,-77,6,15006.854,-5607.913,2966.708,-1726.188,254,-285,-496
6.937500,-19,33,-2142,-25,-75,7,15007.842,-5610.411,2959.317,-1722.157
6.957886,-13,35,-2113,-24,-75,7,15008.646,-5613.093,2952.636,-1717.878
6.977478,169,-168,-2205,-24,-74,7,15009.734,-5615.195,2945.515,-1713.723
6.997467,-44,47,-2145,-24,-75,8,15013.919,-5611.685,2948.896,-1682.459
7.017456,-27,39,-2132,-23,-73,170,15016.962,-5610.341,2947.976,-1661.258,254,-292,-494
7.037445,-47,70,-2168,-25,-72,110,15018.754,-5611.207,2943.875,-1649.366
7.057831,-15,36,-2156,-21,-77,12,15019.771,-5613.413,2936.637,-1645.502
7.077423,-40,34,-2145,-25,-71,3,15022.533,-5609.214,2931.332,-1644.058,254,-292,-494,99971,29760
7.097412,8,64,-2211,27,34,2,15030.162,-5586.743,2928.799,-1655.321
7.117401,-4,53,-2194,17,59,-42,15043.506,-5550.489,2920.361,-1670.905,252,-300,-492
7.137391,-19,45,-2222,17,257,-60,15071.768,-5471.456,2910.361,-1694.173
7.157746,-320,-19,-1831,41,505,-33,15111.586,-5356.430,2899.331,-1725.675
7.177338,-82,2,-2175,58,707,-57,15149.092,-5253.294,2880.857,-1744.707
7.197327,-187,-11,-2150,-27,720,8,15199.064,-5112.760,2856.948,-1766.754
7.217347,-228,-26,-2064,-29,817,8,15241.821,-4989.673,2835.025,-1785.529,255,-291,-502
7.237305,-238,16,-2119,-26,597,5,15270.886,-4905.768,2817.882,-1796.793
7.257691,-360,38,-2063,-26,361,8,15292.219,-4845.466,2806.332,-1797.061
7.277283,-251,-30,-2120,-17,427,145,15312.613,-4788.483,2800.873,-1784.615
7.297272,-272,13,-2153,-24,321,31,15340.626,-4705.252,2790.580,-1781.540
7.317261,-285,77,-2141,-18,490,61,15377.104,-4591.510,2771.989,-1792.820,236,-294,-504
7.337250,-331,25,-2142,-27,718,29,15426.318,-4431.009,2745.056,-1815.203
7.357605,-357,30,-2136,-32,1034,14,15484.771,-4229.957,2711.966,-1846.614
7.377228,-456,39,-2120,-35,1233,11,15550.285,-3991.192,2674.561,-1881.798
7.397217,-556,-76,-2068,-34,1495,30,15620.863,-3715.269,2635.104,-1917.570
7.417206,-716,241,-1994,-25,1614,53,15687.238,-3434.100,2594.506,-1954.865,212,-294,-520
7.437165,-663,67,-2012,-27,1627,22,15748.102,-3153.482,2554.520,-1990.651
7.457550,-687,236,-2076,-18,1639,44,15807.148,-2852.029,2506.006,-2038.470
7.477173,-825,96,-2027,-60,1802,-81,15860.925,-2545.167,2441.485,-2104.224
7.497223,-919,60,-1982,-139,1719,-220,15908.156,-2240.008,2365.971,-2179.578
7.517151,-940,24,-1924,-133,1956,-140,15952.738,-1905.437,2283.848,-2258.083,190,-297,-508
7.537110,-1056,49,-1848,-150,2027,-186,15992.123,-1545.286,2196.455,-2339.897
7.557495,-1145,24,-1797,-164,2126,-211,16022.857,-1187.760,2107.343,-2419.051
7.577057,-1289,-100,-1687,-173,2027,-191,16043.343,-866.158,2019.084,-2493.919,190,-297,-508,99972,29760
7.597077,-1314,-5,-1695,-170,1826,-183,16057.738,-540.622,1933.268,-2560.216
7.617035,-1387,157,-1673,-169,1927,-158,16065.444,-198.732,1839.884,-2629.119,130,-292,-522
7.637024,-1014,-5,-1829,-225,1974,-215,16064.779,160.129,1728.650,-2710.061
7.657410,-1854,59,-1100,-334,2295,-277,16057.714,518.185,1637.570,-2763.169
7.677002,-1587,60,-1376,-122,2008,-57,16042.577,880.342,1545.498,-2812.045
7.697052,-1637,70,-1269,-97,2096,-21,16020.953,1232.230,1465.771,-2845.632
7.716980,-1689,7,-1226,-115,2055,-32,15992.455,1572.661,1389.285,-2876.359
7.736969,-1732,128,-1196,-88,1943,-21,15953.938,1931.451,1304.798,-2911.062,60,-290,-501
7.757325,-1752,29,-1229,-32,2153,19,15906.248,2303.511,1230.481,-2933.676
7.776947,-1383,107,-593,-17,2212,34,15835.337,2761.138,1146.380,-2956.261
7.796936,-1514,8,-669,49,2962,64,15731.009,3315.483,1046.576,-2980.446
7.816925,-1191,-98,144,75,3435,77,15597.281,3906.464,936.312,-3003.852
7.836884,-1635,-6,-242,-8,3518,51,15433.234,4518.260,820.468,-3027.025,-15,-286,-454
7.857270,-2710,84,-797,61,3805,39,15254.985,5093.365,711.340,-3045.075
7.876862,-2244,-14,-114,0,3347,16,15088.120,5570.043,611.477,-3063.460
7.896912,-2113,42,-120,-14,2605,-17,14950.550,5928.098,522.318,-3082.424
7.916840,-2174,0,129,-96,1977,-18,14839.254,6200.712,453.263,-3094.785
7.936829,-2069,42,-178,-42,1464,-7,14757.964,6393.173,406.401,-3098.404,-73,-283,-422
7.957215,-2128,8,-26,-29,997,9,14703.292,6519.784,375.459,-3098.398
7.976807,-2095,9,-116,-3,623,8,14669.701,6598.228,366.751,-3092.602
7.996796,-2071,95,30,93,334,2,14645.965,6655.074,374.741,-3082.319
8.016785,-2089,57,-10,141,249,-6,14628.538,6697.741,381.855,-3071.768
8.036774,-2059,-27,193,79,167,9,14613.632,6733.425,383.330,-3064.511,-148,-278,-328
8.057129,-2071,28,23,99,136,0,14605.618,6755.514,400.089,-3051.934
8.076752,-2095,27,-4,124,-10,0,14596.653,6779.039,412.780,-3040.950,-148,-278,-328,99968,29760
8.096741,-2086,50,9,104,83,1,14588.866,6798.421,412.079,-3035.139
8.116730,-2035,-29,115,19,48,6,14583.528,6811.706,407.405,-3031.637
8.136719,-2112,27,80,-1,-13,7,14583.854,6813.284,409.779,-3026.197,-163,-255,-278
8.157074,-2100,41,39,63,-64,0,14588.277,6805.752,411.317,-3021.618
8.176667,-2070,36,-20,-20,-123,6,14595.079,6792.587,408.852,-3018.724
8.196656,-2076,33,8,-23,-146,7,14602.989,6776.889,406.695,-3016.047
8.216645,-2077,35,8,-23,-172,5,14613.741,6754.939,405.961,-3013.305
8.236634,-2072,35,-7,-23,-214,4,14628.555,6724.098,407.009,-3010.260,-170,-251,-267
8.257019,-2101,25,13,-24,-282,5,14648.768,6681.208,410.672,-3006.964
8.276612,-2091,29,1,-22,-365,3,14676.660,6620.928,418.112,-3003.262
8.296601,-2078,21,-37,-21,-492,3,14712.452,6542.289,429.323,-2998.886
8.316590,-2087,60,-98,-22,-587,4,14751.634,6454.789,442.576,-2994.084
8.336579,-2065,-48,86,-18,-631,4,14795.836,6356.052,470.836,-2982.880,-177,-267,-278
8.356934,-2073,53,-152,109,-728,8,14832.327,6272.810,488.182,-2975.072
8.376526,-2069,18,-199,3,-541,8,14861.049,6206.972,501.384,-2967.621
8.396515,-2058,19,-168,0,-425,8,14878.825,6165.980,504.259,-2963.516
8.416535,-2056,40,-179,-24,-258,7,14888.217,6144.992,502.807,-2960.183
8.436493,-2082,50,-163,-23,-154,6,14891.198,6139.359,498.165,-2957.663,-171,-261,-273
8.456879,-2079,45,-158,-24,-59,6,14890.256,6143.204,491.713,-2955.496
8.476471,-2078,27,-149,-23,-23,6,14889.924,6145.586,485.885,-2953.180
8.496460,-2092,26,-136,-22,-64,5,14894.698,6135.597,482.263,-2950.472
8.516449,-2089,40,-154,-23,-157,7,14906.011,6109.653,482.111,-2947.197
8.536438,-2097,32,-155,-23,-255,7,14922.150,6071.893,484.187,-2943.221,-174,-264,-291
8.556824,-2079,24,-187,-21,-314,7,14940.547,6028.230,487.465,-2939.103
8.576416,-2067,27,-214,-22,-338,6,14959.116,5983.886,490.722,-2934.718,-174,-264,-291,99971,29760
8.596405,-2081,42,-188,-20,-331,9,14976.717,5941.409,493.574,-2930.770
8.616394,-2067,22,-236,-22,-317,6,14992.925,5902.197,495.692,-2926.772
8.636383,-2074,47,-264,-23,-289,8,15006.384,5869.764,496.441,-2922.891,-167,-268,-284
8.656739,-2077,26,-255,-23,-240,7,15014.404,5850.853,494.575,-2919.935
8.676361,-2063,38,-233,-23,-133,5,15015.139,5850.581,488.886,-2917.659
8.696320,-2083,24,-246,-25,-16,7,15010.425,5864.137,480.634,-2916.072
8.716401,-2056,42,-213,-24,56,4,15000.977,5889.559,470.159,-2915.160
8.736329,-2090,30,-206,-23,124,1,14988.723,5922.011,458.391,-2914.324,-161,-272,-292
8.756684,-2082,27,-214,-23,151,3,14975.798,5955.867,446.101,-2913.681
8.776276,-2099,19,-171,-26,147,3,14966.253,5981.217,435.353,-2912.424
8.796265,-2090,43,-169,-26,65,6,14963.415,5989.785,428.108,-2910.471
8.816254,-2094,37,-180,-24,-49,6,14967.193,5981.919,424.055,-2907.817
8.836274,-2072,24,-187,-24,-135,8,14974.887,5964.096,421.878,-2905.130,-156,-270,-306
8.856598,-2081,44,-184,-24,-186,8,14985.048,5940.097,420.989,-2902.028
8.876221,-2083,29,-195,-25,-224,8,14998.222,5908.313,421.684,-2898.754
8.896210,-2080,26,-233,-21,-287,5,15014.371,5868.780,424.010,-2895.123
8.916199,-2072,28,-248,-23,-308,8,15029.035,5832.797,425.531,-2891.530
8.936188,-2087,27,-237,-22,-266,7,15040.382,5805.160,425.517,-2888.146,-158,-265,-290
8.956543,-2083,25,-250,-22,-213,8,15049.188,5783.872,424.004,-2885.207
8.976166,-2070,36,-279,-24,-181,6,15057.180,5764.636,422.316,-2882.253
8.996125,-2074,37,-216,-23,-180,5,15063.837,5748.645,419.911,-2879.759
9.016144,-2076,23,-253,-23,-141,4,15068.486,5737.932,416.592,-2877.281
9.036103,-2069,41,-250,-23,-114,6,15071.937,5730.364,412.517,-2874.873,-169,-266,-305
9.056488,-2078,34,-272,-22,-103,7,15075.161,5723.428,408.283,-2872.389
9.076081,-2075,27,-264,-24,-106,7,15077.630,5718.438,403.486,-2870.045,-169,-266,-305,99967,29770
9.096070,-2079,30,-268,-23,-78,7,15078.322,5717.971,398.087,-2868.096
9.116059,-2073,30,-264,-25,-51,5,15076.934,5722.984,391.425,-2866.307
9.136048,-2085,27,-262,-26,-14,6,15074.027,5731.964,384.057,-2864.655,-170,-262,-299
9.156433,-2089,24,-266,-23,1,4,15071.094,5740.999,376.799,-2862.956
9.176026,-2084,38,-246,-25,-5,5,15068.502,5749.081,369.797,-2861.290
9.196015,-2084,31,-226,-25,-9,6,15066.226,5756.444,362.741,-2859.377
9.216004,-2082,31,-239,-25,-14,7,15064.871,5761.370,356.296,-2857.402
9.235993,-2094,33,-235,-25,-40,5,15065.881,5760.258,350.961,-2854.981,-167,-264,-296
9.256348,-2075,35,-193,-24,-78,9,15069.018,5753.483,347.061,-2852.560
9.275971,-2078,36,-224,-23,-120,5,15075.533,5737.844,344.725,-2849.924
9.295929,-2088,36,-214,-22,-177,7,15085.074,5714.172,343.962,-2847.088
9.315918,-2079,29,-260,-21,-221,7,15097.322,5683.280,344.681,-2843.912
9.335907,-2067,37,-279,-20,-257,8,15110.186,5650.462,345.683,-2840.864,-158,-267,-301
9.356293,-2050,39,-270,-23,-264,7,15122.849,5618.075,346.362,-2837.629
9.375885,-2058,30,-272,-23,-254,6,15133.772,5590.021,346.301,-2834.804
9.395874,-2067,19,-275,-22,-218,7,15141.815,5569.687,344.737,-2832.070
9.415863,-2066,31,-297,-23,-161,7,15145.817,5560.127,341.388,-2829.858
9.435852,-2084,38,-305,-22,-89,6,15145.059,5563.579,335.680,-2827.812,-167,-261,-300
9.456208,-2083,29,-279,-21,-7,5,15141.358,5575.326,330.254,-2825.135
9.475830,-2077,23,-276,-2,11,5,15138.448,5584.854,325.916,-2822.411
9.495789,-2072,46,-262,-13,-9,5,15138.061,5587.291,320.551,-2820.280
9.515808,-2088,42,-239,-24,-72,6,15141.781,5578.559,316.768,-2818.021
9.535797,-2084,38,-281,-24,-141,6,15149.750,5558.290,315.057,-2815.434,-161,-265,-297
9.556153,-2074,31,-294,-24,-209,8,15161.178,5528.532,315.432,-2812.466
9.575837,-2070,41,-329,-22,-260,8,15174.583,5493.203,317.249,-2809.188,-161,-265,-297,99974,29770
9.595795,-2062,12,-191,-13,-284,7,15190.602,5451.741,328.651,-2802.062
9.615784,-2072,15,-312,54,-341,15,15204.218,5416.394,336.684,-2795.801
9.635773,-2066,39,-314,-14,-235,11,15212.583,5394.355,335.752,-2793.021,-158,-282,-311
9.656128,-2062,40,-317,-21,-174,6,15217.488,5381.963,332.525,-2790.592
9.675751,-2070,38,-351,-26,-114,6,15219.739,5376.826,328.022,-2788.751
9.695740,-2060,62,-327,-24,-75,7,15220.072,5377.209,322.427,-2786.846
9.715729,-2067,39,-328,-25,-43,6,15217.783,5384.923,315.345,-2785.264
9.735718,-2089,19,-282,-25,6,4,15213.639,5397.907,307.299,-2783.667,-170,-272,-299
9.756073,-2087,21,-305,-24,24,6,15210.316,5408.489,299.775,-2782.105
9.775696,-2088,41,-279,-24,-14,4,15210.776,5408.482,294.420,-2780.171
9.795685,-2076,39,-315,-24,-90,6,15216.048,5394.872,291.779,-2778.048
9.815674,-2059,26,-316,-21,-176,5,15226.259,5367.403,291.649,-2775.319
9.835633,-2064,50,-324,-23,-271,8,15241.353,5325.913,294.024,-2772.143,-158,-270,-311
9.856018,-2072,37,-358,-22,-338,9,15258.916,5276.987,297.755,-2768.692
9.875611,-2057,24,-353,-21,-363,9,15275.651,5229.830,301.253,-2765.507
9.895600,-2046,25,-378,-22,-341,8,15289.838,5189.724,303.391,-2762.427
9.915589,-2056,34,-381,-23,-278,8,15299.404,5162.953,303.065,-2759.660
9.935639,-2044,43,-407,-22,-191,6,15304.247,5149.966,300.172,-2757.393,-165,-260,-318
9.955964,-2068,27,-358,-23,-112,7,15305.582,5147.357,295.426,-2755.365
9.975556,-2069,19,-392,-23,-53,5,15304.087,5153.152,289.117,-2753.505
9.995545,-2052,35,-388,-25,-10,7,15300.876,5163.829,281.715,-2752.112
10.015534,-2067,42,-354,-24,13,4,15297.369,5175.429,274.251,-2750.575
10.035523,-2087,36,-340,-23,0,5,15295.912,5180.940,267.915,-2748.927,-157,-268,-319
10.055878,-2051,36,-346,-24,-42,6,15296.695,5179.922,262.848,-2746.974
10.075501,-2061,44,-329,-24,-79,6,15299.090,5174.010,258.712,-2745.171,-157,-268,-319,99973,29770
10.095490,-2066,24,-337,-23,-98,4,15302.436,5165.521,254.790,-2742.875
10.115479,-2071,43,-364,-24,-115,7,15306.463,5154.874,251.184,-2740.770
10.135437,-2074,38,-358,-23,-127,6,15311.122,5142.254,248.204,-2738.723,-150,-271,-312
10.155823,-2066,32,-391,-24,-144,4,15316.460,5127.688,245.850,-2736.395
10.175415,-2051,49,-364,-20,-154,9,15323.751,5108.485,250.012,-2731.108
10.195404,-2072,26,-393,11,-179,13,15328.155,5096.650,247.259,-2728.759
10.215393,-2033,30,-383,-22,-118,6,15330.168,5091.758,243.109,-2726.953
10.235382,-2062,43,-370,-22,-73,5,15329.757,5094.392,238.546,-2724.747,-153,-270,-306
10.255768,-2047,20,-353,-13,-25,7,15327.133,5104.306,236.201,-2721.159
10.275360,-2063,38,-374,28,-3,12,15321.212,5123.976,231.138,-2717.964
10.295349,-2062,28,-354,-20,98,6,15310.851,5155.838,220.231,-2717.005
10.315339,-2052,30,-343,-24,158,5,15296.959,5197.793,207.396,-2716.326
10.335328,-2063,40,-328,-26,224,3,15279.332,5250.298,192.547,-2715.651,-161,-270,-311
10.355683,-2077,53,-313,-25,275,4,15260.572,5305.287,177.541,-2715.284
10.375275,-2069,28,-307,-24,278,2,15242.361,5358.285,163.092,-2714.416
10.395264,-2076,16,-277,-19,261,4,15225.477,5406.871,149.782,-2713.595
10.415284,-2070,45,-242,-23,224,2,15211.504,5446.776,137.463,-2712.806
10.435273,-2083,43,-235,-25,164,4,15202.137,5473.747,127.271,-2711.523,-156,-262,-313
10.455628,-2071,32,-225,-23,78,6,15197.394,5487.695,119.565,-2710.268
10.475220,-2069,30,-253,-24,0,4,15195.439,5493.927,113.133,-2708.880
10.495209,-2059,32,-266,-26,-42,5,15196.298,5492.496,108.124,-2707.167
10.515198,-2095,29,-250,-24,-83,8,15198.671,5486.862,103.885,-2705.437
10.535187,-2069,16,-266,-24,-112,7,15203.375,5474.691,100.906,-2703.774,-164,-266,-321
10.555573,-2067,21,-269,-25,-149,6,15209.650,5458.099,98.664,-2702.110
10.575135,-2064,42,-242,-25,-167,6,15218.230,5434.707,95.810,-2701.053,-164,-266,-321,99972,29770
10.595124,-2091,33,-269,-43,-214,5,15228.501,5405.559,89.691,-2701.865
10.615113,-2073,12,-258,-84,-251,1,15241.149,5368.135,77.454,-2705.541
10.635102,-2105,13,-238,-109,-295,4,15256.943,5318.313,52.456,-2715.496,-158,-262,-297
10.655457,-2038,31,-362,-247,-353,-9,15273.740,5263.056,22.185,-2729.111
10.675049,-2058,24,-318,-159,-366,-6,15286.673,5222.505,7.084,-2734.676
10.695069,-2082,25,-344,-132,-274,-2,15297.912,5184.303,-16.570,-2744.459
10.715027,-2061,28,-362,-219,-257,-15,15305.588,5155.320,-44.941,-2755.912
10.735016,-2052,40,-344,-120,-167,-5,15311.057,5137.079,-57.536,-2759.362,-164,-271,-298
10.755402,-2064,42,-324,-87,-153,0,15315.392,5123.211,-66.860,-2760.876
10.774994,-2064,35,-309,-54,-126,4,15318.203,5114.393,-74.673,-2761.429
10.794983,-2066,46,-335,-38,-103,3,15322.003,5103.660,-77.328,-2760.131
10.814972,-2063,44,-362,-21,-137,6,15327.050,5091.361,-71.450,-2754.977
10.834961,-2071,42,-347,68,-155,16,15333.871,5075.931,-57.257,-2745.810,-165,-270,-311
10.855317,-2053,52,-356,70,-179,20,15340.713,5061.094,-39.943,-2735.270
10.874939,-2065,65,-350,129,-169,24,15347.025,5049.350,-16.000,-2721.778
10.894898,-2080,37,-338,144,-151,25,15352.430,5038.741,1.585,-2710.981
10.914887,-2028,68,-407,65,-149,18,15357.010,5027.664,6.544,-2705.592
10.934906,-2056,-14,-415,27,-140,13,15364.533,5008.132,14.633,-2699.065,-157,-261,-303
10.955262,-1903,37,-524,33,-201,15,15371.573,4989.162,20.659,-2694.071
10.974854,-2032,-9,-360,41,-197,14,15375.683,4979.171,25.917,-2689.052
10.994843,-2061,24,-385,23,-121,12,15377.714,4974.866,26.595,-2685.396
11.014832,-2051,42,-400,-1,-65,9,15376.844,4978.835,23.167,-2683.049
11.034821,-2065,36,-372,-15,-28,7,15374.250,4987.828,17.522,-2681.258,-153,-267,-311
11.055207,-2064,37,-378,-18,-3,5,15371.837,4996.409,12.226,-2679.144
11.074799,-2050,44,-343,-15,-8,8,15368.561,5007.320,5.639,-2677.588,-153,-267,-311,99969,29770
11.094788,-2067,47,-355,-24,13,7,15364.417,5020.588,-1.914,-2676.532
11.114777,-2077,42,-356,-24,23,4,15360.481,5033.145,-9.266,-2675.520
11.134766,-2077,32,-354,-24,10,6,15356.806,5044.899,-16.603,-2674.444,-142,-270,-322
11.155182,-2062,50,-353,-25,10,4,15352.683,5058.073,-24.069,-2673.179
11.174744,-2071,38,-338,-23,32,4,15347.239,5075.105,-32.322,-2672.071
11.194733,-2120,66,-234,-26,43,3,15343.115,5088.021,-39.650,-2671.092
11.214692,-2073,-109,-347,-26,16,6,15337.573,5105.365,-47.890,-2669.687
11.234681,-2117,-9,-228,-31,111,4,15331.310,5124.509,-56.150,-2668.823,-158,-274,-318
11.255066,-2085,44,-306,-18,25,4,15325.697,5141.871,-63.804,-2667.497
11.274689,-2095,24,-315,-23,40,6,15321.548,5154.858,-71.080,-2666.081
11.294648,-2066,26,-335,-25,34,4,15318.289,5164.988,-77.769,-2665.016
11.314637,-2080,14,-327,-25,-5,5,15316.220,5171.716,-83.728,-2663.678
11.334626,-2074,37,-319,-22,-36,7,15315.535,5174.440,-88.602,-2662.172,-164,-264,-319
11.355011,-2085,44,-309,-17,-56,7,15316.441,5172.808,-91.214,-2660.037
11.374604,-2089,30,-282,-7,-77,7,15317.007,5172.127,-93.827,-2658.009
11.394593,-2053,22,-311,-12,-61,6,15316.898,5173.458,-96.747,-2655.946
11.414582,-2077,42,-295,-11,-51,8,15316.374,5175.897,-100.382,-2654.077
11.434540,-2056,52,-296,-14,-44,7,15315.898,5178.211,-103.782,-2652.178,-159,-266,-316
11.454926,-2092,51,-293,-10,-55,6,15316.065,5178.841,-106.443,-2649.877
11.474549,-2080,24,-276,-8,-63,7,15317.202,5176.889,-107.361,-2647.086
11.494538,-2061,25,-292,-7,-65,7,15317.832,5176.027,-109.758,-2645.024
11.514527,-2071,29,-321,-10,-70,6,15318.105,5176.031,-113.077,-2643.295
11.534516,-2069,25,-312,-16,-67,8,15319.098,5173.871,-116.557,-2641.614,-163,-267,-320
11.554871,-2053,25,-291,-19,-75,8,15320.517,5170.240,-120.110,-2640.334
11.574463,-2078,32,-305,-21,-87,5,15321.819,5166.992,-123.927,-2638.961,-163,-267,-320,99972,29780
11.594452,-2075,48,-282,-20,-81,6,15322.609,5165.244,-127.887,-2637.610
11.614441,-2063,32,-305,-20,-64,4,15322.822,5165.099,-132.530,-2636.425
11.634430,-2073,43,-296,-24,-60,5,15322.816,5165.392,-137.939,-2635.611,-164,-266,-309
11.654786,-2069,21,-293,-27,-61,4,15323.918,5162.413,-142.632,-2634.787
11.674408,-2066,40,-317,-25,-89,6,15326.512,5155.129,-146.383,-2633.760
11.694397,-2066,27,-315,-26,-112,5,15329.434,5146.886,-149.929,-2632.676
11.714386,-2063,22,-295,-25,-111,6,15332.331,5138.763,-153.772,-2631.449
11.734345,-2069,30,-301,-25,-109,6,15335.038,5131.132,-157.374,-2630.350,-162,-276,-307
11.754731,-2069,26,-316,-24,-106,6,15337.431,5124.344,-161.147,-2629.405
11.774353,-2068,28,-306,-24,-104,5,15339.928,5117.340,-164.850,-2628.253
11.794312,-2078,38,-313,-24,-101,7,15341.984,5111.657,-168.673,-2627.066
11.814301,-2065,23,-309,-24,-90,6,15342.933,5109.260,-173.222,-2625.890
11.834290,-2078,33,-316,-25,-67,7,15342.629,5110.544,-178.337,-2624.825,-157,-266,-312
11.854676,-2071,36,-277,-24,-46,7,15341.619,5114.005,-183.669,-2623.618
11.874268,-2076,25,-301,-24,-36,7,15339.971,5119.319,-189.508,-2622.473
11.894257,-2071,39,-283,-25,-28,6,15338.398,5124.470,-195.339,-2621.188
11.914246,-2075,39,-296,-24,-32,6,15337.282,5128.179,-200.729,-2620.057
11.934235,-2072,45,-304,-24,-45,7,15336.758,5130.096,-205.575,-2618.998,-155,-264,-314
11.954621,-2073,39,-304,-22,-51,5,15336.020,5132.704,-210.778,-2617.795
11.974213,-2067,40,-314,-24,-46,5,15335.651,5134.293,-215.557,-2616.452
11.994202,-2065,38,-293,-22,-57,8,15336.326,5132.590,-219.829,-2615.480
12.014191,-2060,45,-314,-22,-82,4,15337.840,5128.569,-223.407,-2614.182
12.034180,-2078,20,-273,-19,-86,6,15338.968,5125.603,-227.326,-2613.043,-156,-272,-308
12.054535,-2076,32,-331,-22,-79,4,15340.232,5122.203,-231.338,-2611.942
12.074158,-2061,32,-287,-22,-88,6,15341.898,5117.567,-235.278,-2610.889,-156,-272,-308,99970,29770
12.094117,-2057,45,-302,-24,-90,6,15343.752,5112.305,-239.245,-2609.946
12.114136,-2074,33,-275,-25,-98,6,15346.340,5104.859,-242.720,-2608.978
12.134095,-2048,39,-292,-23,-110,5,15348.885,5097.483,-246.314,-2608.092,-152,-266,-309
12.154480,-2062,36,-302,-26,-102,6,15350.290,5093.583,-250.550,-2607.038
12.174073,-2066,32,-308,-23,-75,6,15350.405,5093.484,-255.574,-2606.068
12.194062,-2069,44,-322,-26,-53,7,15349.995,5094.882,-260.708,-2605.244
12.214051,-2072,30,-302,-25,-54,5,15349.974,5095.161,-265.612,-2604.325
12.234040,-2080,21,-298,-24,-65,5,15350.573,5093.690,-270.216,-2603.200,-163,-265,-299
12.254395,-2079,42,-306,-23,-74,6,15352.082,5089.360,-274.150,-2602.356
12.274018,-2071,33,-281,-24,-94,5,15354.229,5083.052,-277.834,-2601.629
12.294007,-2073,23,-303,-23,-101,5,15356.215,5077.252,-281.516,-2600.838
12.313996,-2068,33,-304,-23,-92,5,15357.238,5074.290,-285.667,-2600.127
12.333985,-2079,11,-281,-24,-72,5,15357.182,5074.567,-290.496,-2599.381,-163,-270,-313
12.354340,-2067,33,-283,-24,-55,5,15357.056,5075.127,-294.991,-2598.527
12.374024,-2057,21,-298,-22,-60,5,15357.103,5075.249,-299.555,-2597.487
12.393921,-2082,23,-293,-24,-61,8,15357.037,5075.715,-304.170,-2596.426
12.413910,-2079,26,-292,-23,-55,8,15356.890,5076.422,-309.082,-2595.339
12.433930,-2083,37,-316,-23,-61,6,15357.476,5074.790,-313.462,-2594.532,-163,-267,-320
12.454285,-2080,47,-309,-24,-79,5,15358.529,5071.766,-317.673,-2593.706
12.473877,-2079,39,-303,-23,-80,6,15359.191,5069.975,-322.157,-2592.732
12.493866,-2074,22,-305,-24,-68,6,15359.212,5070.020,-326.974,-2591.918
12.513855,-2065,33,-272,-24,-57,6,15358.886,5071.122,-331.932,-2591.059
12.533844,-2081,24,-267,-24,-56,5,15358.685,5071.768,-336.899,-2590.344,-161,-265,-304
12.554230,-2074,30,-297,-25,-58,7,15358.792,5071.570,-341.645,-2589.479
12.573792,-2072,25,-294,-25,-69,7,15359.551,5069.443,-346.031,-2588.559,-161,-265,-304,99972,29770
12.593781,-2071,21,-298,-24,-79,6,15361.138,5064.807,-349.935,-2587.694
12.613800,-2064,43,-276,-24,-95,6,15363.375,5058.164,-353.373,-2586.940
12.633759,-2053,36,-296,-23,-103,6,15365.679,5051.394,-356.671,-2586.029,-157,-268,-305
12.654145,-2086,38,-287,-23,-103,6,15367.715,5045.361,-360.122,-2585.227
12.673737,-2086,20,-302,-22,-94,6,15369.081,5041.320,-363.662,-2584.497
12.693726,-2074,25,-293,-21,-82,5,15369.850,5039.155,-367.576,-2583.591
12.713715,-2064,26,-313,-19,-73,6,15370.418,5037.688,-371.357,-2582.531
12.733704,-2081,43,-314,-20,-72,7,15370.991,5036.202,-375.239,-2581.463,-158,-270,-315
12.754090,-2069,24,-295,-21,-71,7,15371.408,5035.022,-379.446,-2580.662
12.773682,-2071,36,-327,-22,-69,6,15372.023,5033.297,-383.302,-2579.797
12.793671,-2074,25,-315,-20,-75,6,15372.534,5031.893,-387.417,-2578.872
12.813660,-2063,26,-299,-23,-70,6,15372.895,5030.921,-391.370,-2578.019
12.833649,-2073,38,-299,-21,-66,4,15372.951,5030.895,-395.678,-2577.084,-161,-267,-313
12.854004,-2072,15,-299,-22,-56,6,15372.407,5032.681,-400.132,-2576.150
12.873627,-2076,29,-272,-21,-49,6,15371.706,5034.878,-404.879,-2575.297
12.893586,-2070,33,-303,-22,-52,7,15371.711,5034.958,-409.345,-2574.409
12.913575,-2071,23,-297,-23,-66,6,15372.201,5033.613,-413.524,-2573.445
12.933594,-2074,32,-303,-23,-73,8,15372.876,5031.587,-417.691,-2572.698,-158,-265,-315
12.953949,-2077,27,-299,-22,-75,6,15373.818,5028.818,-421.382,-2571.884
12.973542,-2076,30,-308,-21,-83,7,15375.362,5024.330,-424.518,-2570.906
12.993531,-2069,35,-292,-18,-95,8,15377.105,5019.309,-427.240,-2569.838
13.013520,-2064,42,-285,-17,-93,5,15378.338,5015.765,-430.296,-2568.870
13.033509,-2058,47,-298,-18,-80,6,15378.795,5014.460,-434.391,-2567.993,-156,-258,-313
13.053894,-2068,35,-295,-22,-67,5,15378.801,5014.570,-438.520,-2567.043
13.073517,-2082,31,-334,-20,-60,6,15378.531,5015.666,-442.656,-2565.806,-156,-258,-313,99970,29790
13.093476,-2078,36,-295,-19,-55,8,15377.961,5017.647,-447.075,-2564.585
13.113465,-2068,23,-274,-22,-50,8,15377.935,5017.667,-451.653,-2563.897
13.133454,-2096,34,-312,-24,-71,7,15379.194,5013.732,-455.667,-2563.333,-163,-270,-308
13.153809,-2077,29,-306,-24,-97,6,15381.677,5006.024,-459.183,-2562.873
13.173401,-2076,40,-306,-25,-112,6,15384.046,4998.551,-462.659,-2562.613
13.193421,-2071,43,-323,-25,-102,5,15385.682,4993.455,-466.563,-2562.024
13.213379,-2061,24,-323,-24,-88,5,15386.632,4990.312,-470.732,-2561.675
13.233399,-2065,30,-297,-25,-80,6,15387.563,4987.256,-474.990,-2561.250,-158,-270,-320
13.253754,-2054,43,-301,-25,-84,6,15389.118,4982.313,-479.006,-2560.782
13.273346,-2070,31,-303,-26,-96,8,15390.914,4976.648,-482.581,-2560.332
13.293335,-2056,33,-304,-24,-96,5,15392.166,4972.589,-486.688,-2559.913
13.313324,-2074,50,-285,-23,-79,7,15392.082,4972.737,-491.337,-2559.241
13.333313,-2079,17,-286,-24,-53,6,15391.382,4974.753,-496.444,-2558.547,-163,-272,-304
13.353699,-2075,34,-282,-25,-48,6,15390.769,4976.357,-501.321,-2558.166
13.373291,-2078,36,-312,-24,-59,4,15390.787,4976.178,-505.862,-2557.512
13.393280,-2067,27,-294,-24,-65,8,15390.946,4975.460,-510.224,-2557.088
13.413269,-2081,25,-274,-25,-69,5,15390.975,4975.169,-514.679,-2556.585
13.433258,-2073,27,-288,-22,-59,6,15390.187,4977.405,-519.720,-2555.954,-161,-272,-311
13.453614,-2071,24,-279,-26,-42,5,15388.463,4982.467,-525.195,-2555.353
13.473236,-2072,36,-263,-24,-28,5,15386.813,4987.355,-530.738,-2554.606
13.493225,-2088,38,-281,-25,-37,7,15385.966,4989.671,-535.505,-2554.194
13.513214,-2063,22,-307,-24,-56,4,15385.424,4991.010,-540.320,-2553.825
13.533204,-2096,43,-274,-24,-51,4,15384.308,4994.063,-545.567,-2553.465,-162,-278,-316
13.553559,-2072,27,-269,-26,-39,6,15383.422,4996.486,-550.584,-2552.988
13.573151,-2065,36,-270,-23,-55,7,15383.818,4994.930,-554.972,-2552.695,-162,-278,-316,99969,29790
13.593201,-2067,41,-313,-24,-84,5,15385.653,4989.001,-558.690,-2552.422
13.613160,-2079,35,-295,-25,-105,6,15388.080,4981.211,-561.959,-2552.288
13.633118,-2073,23,-273,-24,-111,3,15390.147,4974.477,-565.999,-2552.065,-162,-266,-307
13.653504,-2068,45,-314,-33,-90,7,15389.633,4974.488,-574.576,-2553.225
13.673096,-2061,30,-317,-48,-50,4,15388.893,4975.836,-581.256,-2553.550
13.693085,-2069,33,-297,-30,-52,5,15387.962,4978.303,-586.557,-2553.137
13.713074,-2070,31,-266,-25,-49,6,15387.483,4979.322,-591.697,-2552.849
13.733063,-2070,28,-276,-27,-64,5,15388.270,4976.527,-595.902,-2552.580,-152,-271,-312
13.753418,-2078,29,-304,-24,-88,7,15389.820,4971.524,-599.407,-2552.161
13.773011,-2067,24,-291,-24,-96,6,15391.589,4965.683,-602.835,-2552.061
13.793000,-2065,19,-285,-22,-97,7,15393.208,4960.327,-606.486,-2551.846
13.812989,-2086,38,-288,-23,-96,7,15395.095,4954.161,-609.971,-2551.605
13.833008,-2071,42,-288,-26,-103,7,15396.889,4948.242,-613.458,-2551.432,-162,-264,-307
13.853363,-2072,28,-287,-25,-95,7,15398.350,4943.406,-617.177,-2551.094
13.872956,-2056,31,-265,-23,-87,8,15399.562,4939.376,-620.899,-2550.682
13.892945,-2069,35,-266,-22,-87,8,15400.504,4936.075,-624.782,-2550.433
13.912934,-2067,30,-301,-23,-80,6,15401.009,4934.065,-629.021,-2550.234
13.932953,-2075,27,-267,-25,-71,5,15401.115,4933.301,-633.269,-2550.021,-163,-262,-301
13.953308,-2068,31,-305,-24,-65,4,15400.802,4933.872,-637.580,-2549.731
13.972901,-2077,35,-295,-24,-56,4,15400.057,4935.825,-642.145,-2549.309
13.992890,-2071,38,-281,-22,-49,5,15398.941,4938.958,-646.922,-2548.774
14.012879,-2077,35,-296,-22,-43,6,15398.144,4941.146,-651.276,-2548.237
14.032868,-2066,34,-297,-22,-58,5,15398.346,4940.310,-655.041,-2547.671,-156,-270,-306
14.053223,-2068,21,-293,-22,-75,7,15399.159,4937.689,-658.293,-2547.000
14.072815,-2078,42,-294,-17,-81,6,15399.762,4935.722,-661.512,-2546.336,-156,-270,-306,99969,29790
14.092804,-2076,27,-292,-20,-72,6,15400.087,4934.632,-665.040,-2545.564
14.112793,-2068,30,-275,-21,-71,5,15400.856,4931.930,-668.765,-2545.171
14.132782,-2051,39,-278,-23,-90,6,15403.018,4924.806,-672.106,-2545.003,-169,-266,-307
14.153138,-2060,36,-285,-24,-113,6,15405.668,4916.080,-675.015,-2545.059
14.172760,-2055,30,-296,-23,-114,7,15407.944,4908.628,-678.279,-2544.798
14.192749,-2070,30,-256,-24,-101,7,15409.286,4903.862,-681.933,-2544.889
14.212738,-2072,30,-286,-24,-91,7,15410.738,4898.670,-685.430,-2545.153
14.232727,-2080,41,-282,-24,-99,4,15412.839,4891.637,-688.638,-2545.090,-151,-267,-304
14.253113,-2068,47,-292,-23,-109,7,15414.900,4884.676,-691.872,-2545.100
14.272705,-2073,47,-299,-23,-101,5,15415.904,4881.027,-695.522,-2545.029
14.292694,-2068,34,-309,-23,-75,6,15415.685,4881.273,-699.677,-2544.742
14.312653,-2068,26,-316,-23,-54,6,15414.036,4886.028,-704.792,-2544.193
14.332672,-2074,36,-312,-24,-22,4,15411.007,4895.070,-710.786,-2543.493,-163,-267,-313
14.353058,-2077,41,-276,-23,2,6,15406.730,4907.849,-717.250,-2542.964
14.372620,-2071,47,-288,-23,21,4,15401.993,4922.065,-724.056,-2542.253
14.392609,-2070,43,-253,-24,25,6,15396.857,4937.706,-731.016,-2541.041
14.412629,-2076,42,-275,-21,24,7,15392.664,4950.274,-737.579,-2540.095
14.432587,-2064,51,-242,-23,2,7,15390.101,4957.701,-743.274,-2539.479,-151,-279,-308
14.452973,-2067,38,-268,-25,-35,6,15389.549,4958.791,-747.822,-2539.364
14.472565,-2072,40,-287,-24,-68,5,15390.773,4954.445,-751.593,-2539.313
14.492554,-2076,24,-272,-24,-102,6,15393.931,4944.141,-754.002,-2539.543
14.512543,-2068,39,-278,-22,-141,8,15399.130,4927.473,-755.355,-2540.018
14.532532,-2072,29,-281,-21,-173,8,15404.462,4910.419,-756.594,-2540.341,-157,-268,-303
14.552887,-2067,37,-284,-23,-163,6,15409.197,4895.106,-758.243,-2540.684
14.572449,-2094,49,-277,-23,-151,8,15413.305,4881.589,-760.349,-2541.144,-157,-268,-303,99969,29790
14.592469,-2076,51,-264,-25,-139,6,15417.312,4868.263,-762.758,-2541.680
14.612458,-2076,43,-305,-24,-151,7,15422.113,4852.486,-764.673,-2542.145
14.632447,-2073,37,-315,-25,-161,7,15426.868,4836.403,-767.120,-2543.208,-153,-274,-308
14.652802,-2057,24,-304,-30,-154,6,15430.011,4825.446,-770.657,-2543.888
14.672425,-2065,41,-321,-29,-114,7,15431.191,4820.679,-775.299,-2544.353
14.692414,-2067,26,-277,-32,-81,5,15431.414,4819.072,-780.467,-2544.465
14.712403,-2071,27,-294,-30,-71,5,15432.328,4815.135,-785.294,-2544.889
14.732361,-2057,31,-296,-33,-101,5,15435.106,4805.011,-789.625,-2545.841,-153,-262,-311
14.752716,-2079,55,-303,-34,-132,7,15438.488,4793.136,-793.252,-2546.589
14.772339,-2045,42,-298,-30,-130,7,15440.397,4786.305,-796.889,-2546.728
14.792328,-2065,33,-299,-25,-86,6,15439.297,4789.258,-801.546,-2546.384
14.812378,-2065,31,-298,-23,-23,7,15435.722,4800.058,-807.743,-2545.763
14.832306,-2080,17,-307,-25,13,4,15431.022,4814.449,-814.557,-2544.912,-162,-273,-319
14.852662,-2072,38,-264,-23,26,5,15426.016,4829.708,-821.310,-2544.179
14.872254,-2069,43,-266,-23,28,5,15421.241,4844.057,-828.069,-2543.651
14.892273,-2055,44,-252,-24,21,4,15417.200,4856.063,-834.390,-2543.191
14.912262,-2080,37,-254,-22,-1,4,15415.133,4861.806,-839.802,-2542.965
14.932221,-2074,16,-268,-25,-52,6,15416.805,4855.848,-843.012,-2543.150,-153,-270,-306
14.952607,-2078,15,-269,-22,-135,7,15423.632,4833.472,-843.577,-2544.194
14.972199,-2085,34,-288,-22,-237,6,15434.663,4797.548,-841.873,-2545.859
14.992188,-2073,27,-301,-24,-306,8,15447.281,4756.137,-839.428,-2547.838
15.012177,-2053,32,-335,-25,-314,8,15458.048,4720.071,-838.826,-2549.802
15.032166,-2067,33,-328,-30,-257,7,15464.390,4698.344,-840.359,-2550.967,-162,-276,-316
15.052552,-2069,25,-333,-27,-155,5,15465.537,4693.569,-844.572,-2551.414
15.072144,-2070,48,-340,-26,-55,6,15462.069,4704.121,-850.924,-2550.885,-162,-276,-316,99970,29790
15.092133,-2056,56,-326,-24,30,5,15455.335,4725.271,-858.818,-2549.963
15.112122,-2070,18,-284,-24,78,3,15447.205,4751.002,-867.394,-2548.507
15.132111,-2066,36,-281,-23,99,6,15438.238,4779.184,-876.403,-2547.065,-162,-261,-305
15.152466,-2070,25,-281,-25,107,5,15431.251,4800.778,-884.426,-2546.026
15.172089,-2093,28,-258,-24,32,3,15429.433,4805.805,-889.248,-2545.880
15.192047,-2064,34,-258,-24,-74,5,15432.642,4794.776,-891.455,-2546.454
15.212067,-2086,20,-291,-23,-160,6,15439.381,4772.283,-891.850,-2547.718
15.232056,-2075,30,-311,-23,-220,9,15448.278,4742.761,-891.028,-2549.203,-153,-267,-320
15.252411,-2062,27,-312,-21,-252,7,15457.708,4711.198,-889.963,-2550.935
15.272004,-2057,16,-336,-23,-252,6,15465.764,4683.998,-889.437,-2552.379
15.291993,-2056,25,-314,-23,-211,7,15471.263,4665.093,-890.271,-2553.385
15.311982,-2066,39,-335,-22,-158,7,15474.127,4654.907,-892.515,-2553.837
15.331971,-2061,46,-311,-22,-104,6,15474.133,4654.206,-896.452,-2553.697,-163,-272,-308
15.352356,-2063,47,-319,-23,-46,8,15470.935,4664.043,-902.246,-2553.089
15.371949,-2069,30,-332,-22,25,5,15465.327,4681.763,-909.378,-2552.102
15.391938,-2062,40,-316,-22,52,7,15458.674,4702.743,-917.118,-2551.064
15.411927,-2073,42,-282,-24,63,6,15452.032,4723.583,-924.704,-2550.063
15.431916,-2070,27,-268,-24,58,4,15446.781,4739.639,-931.844,-2549.483,-159,-268,-319
15.452271,-2088,29,-276,-25,12,6,15444.668,4745.530,-937.239,-2549.353
15.471863,-2069,35,-295,-26,-56,5,15446.649,4738.075,-940.433,-2550.041
15.491852,-2081,30,-305,-25,-143,6,15452.725,4717.243,-941.656,-2551.398
15.511841,-2081,39,-307,-27,-211,8,15460.747,4689.779,-942.166,-2553.242
15.531861,-2065,22,-334,-30,-237,6,15468.857,4661.478,-943.489,-2555.456,-153,-270,-315
15.552216,-2066,31,-328,-36,-231,7,15475.543,4637.468,-946.237,-2557.639
15.571808,-2065,28,-329,-43,-193,6,15479.797,4620.993,-951.294,-2559.837,-153,-270,-315,99970,29790
15.591797,-2061,46,-364,-44,-135,5,15480.573,4616.622,-956.867,-2560.958
15.611786,-2054,25,-328,-33,-56,5,15477.704,4624.677,-963.905,-2561.124
15.631775,-2064,9,-305,-32,13,5,15471.674,4642.597,-974.177,-2561.248,-157,-271,-314
15.652161,-2068,-150,-443,-54,65,4,15463.867,4663.558,-991.958,-2563.490
15.671753,-1961,-84,-395,-113,61,4,15460.591,4665.433,-1014.806,-2570.890
15.691742,-2065,89,214,-144,-94,-7,15464.334,4642.061,-1037.167,-2581.737
15.711731,-2071,1,-281,-179,-212,-9,15457.604,4657.125,-1057.572,-2586.628
15.731720,-2083,47,-248,-57,43,0,15454.484,4663.542,-1068.585,-2589.181,-156,-270,-318
15.752076,-2078,29,-284,-50,-52,2,15457.652,4650.663,-1073.098,-2591.565
15.771698,-2080,47,-311,-41,-195,3,15467.485,4616.299,-1072.803,-2594.459
15.791687,-2083,37,-327,-26,-310,8,15481.481,4568.185,-1068.840,-2597.778
15.811646,-2070,35,-342,-21,-379,11,15497.588,4512.461,-1063.447,-2601.340
15.831635,-2058,33,-350,-24,-412,9,15514.139,4454.489,-1057.453,-2605.041,-162,-273,-316
15.852021,-2077,41,-384,-22,-418,9,15529.960,4398.279,-1051.513,-2608.687
15.871613,-2061,33,-387,-20,-384,8,15542.618,4352.467,-1047.556,-2611.728
15.891602,-2059,40,-395,-21,-313,8,15551.892,4318.382,-1045.595,-2613.886
15.911591,-2056,32,-399,-22,-243,7,15558.526,4294.583,-1043.475,-2614.465
15.931580,-2075,25,-871,21,-206,12,15564.796,4274.813,-1035.846,-2612.576,-153,-267,-304
15.951966,-2049,41,-406,48,-187,16,15569.770,4261.298,-1026.385,-2608.751
15.971558,-2066,52,-396,-3,-92,9,15569.617,4261.804,-1028.548,-2607.983
15.991516,-2089,28,-407,-16,-53,8,15571.054,4256.433,-1029.934,-2607.630
16.011536,-2050,5,-442,-6,-153,9,15580.749,4227.952,-1012.670,-2602.811
16.031586,-2088,-1,-224,80,-255,23,15585.733,4215.067,-1000.973,-2598.390,-152,-276,-316
16.051880,-2080,56,-397,58,-117,17,15586.529,4213.968,-999.115,-2596.111
16.071503,-2048,34,-383,-4,-70,11,15588.685,4205.865,-1000.068,-2595.938,-152,-276,-316,99973,29790
16.091462,-2058,46,-400,-18,-134,9,15592.770,4189.963,-1000.933,-2596.787
16.111451,-2056,57,-504,-22,-173,7,15598.396,4169.254,-999.193,-2596.999
16.131440,-2041,47,-442,21,-218,14,15605.520,4143.634,-994.901,-2596.853,-149,-272,-322
16.151825,-2037,18,-461,-21,-201,6,15608.900,4130.221,-995.792,-2597.565
16.171418,-2035,6,-455,-19,-89,6,15602.698,4152.539,-1002.920,-2596.499
16.191407,-2042,25,-395,-24,171,3,15586.423,4211.647,-1017.234,-2593.473
16.211396,-2057,63,-376,-28,331,4,15569.590,4272.051,-1031.774,-2590.042
16.231385,-2053,38,-361,-24,246,5,15560.608,4303.730,-1040.865,-2587.934,-150,-273,-335
16.251740,-2065,47,-361,-18,54,8,15558.699,4310.214,-1044.728,-2587.065
16.271363,-2059,52,-403,-16,-56,7,15559.192,4308.552,-1045.776,-2586.446
16.291352,-2060,40,-410,12,-90,9,15561.495,4301.908,-1042.853,-2584.833
16.311341,-2042,10,-353,-11,-105,7,15565.314,4289.463,-1039.444,-2583.893
16.331330,-2070,23,-331,27,-172,11,15568.966,4276.786,-1037.567,-2583.656,-146,-277,-318
16.351685,-2075,34,-405,6,-138,11,15572.609,4264.442,-1035.285,-2583.020
16.371277,-2075,53,-404,-15,-147,8,15578.451,4242.031,-1035.577,-2584.578
16.391266,-2039,38,-403,-23,-246,6,15589.755,4199.514,-1032.247,-2587.186
16.411255,-2055,36,-444,-20,-358,8,15603.280,4148.148,-1027.238,-2590.507
16.431244,-2050,41,-463,-21,-365,6,15613.604,4108.083,-1024.512,-2593.230,-153,-270,-324
16.451599,-2036,12,-484,-24,-262,8,15618.031,4090.016,-1025.608,-2594.696
16.471222,-2046,8,-452,-24,-121,6,15616.900,4092.433,-1031.282,-2595.441
16.491211,-2038,21,-400,-34,-2,5,15610.529,4114.523,-1040.887,-2595.007
16.511200,-2059,44,-397,-38,111,4,15600.287,4150.237,-1053.902,-2594.476
16.531189,-2049,36,-421,-39,173,1,15588.570,4191.817,-1066.643,-2592.851,-149,-270,-320
16.551545,-2063,45,-378,-31,189,4,15577.273,4231.979,-1078.043,-2590.787
16.571198,-2077,39,-357,-27,164,5,15567.735,4265.583,-1087.701,-2588.971,-149,-270,-320,99969,29800
16.591156,-2064,50,-360,-22,120,5,15560.542,4290.328,-1095.904,-2587.866
16.611145,-2069,40,-363,-24,61,4,15556.880,4302.190,-1101.808,-2587.681
16.631165,-2060,9,-343,-23,-28,3,15558.443,4298.003,-1099.562,-2586.197,-153,-277,-329
16.651520,-2059,30,-410,39,-138,14,15561.614,4288.777,-1094.998,-2584.373
16.671143,-2073,32,-362,0,-105,11,15562.574,4285.947,-1094.780,-2583.376
16.691101,-2069,47,-365,6,-85,11,15564.013,4281.760,-1093.586,-2582.155
16.711090,-2071,28,-293,-11,-89,8,15565.838,4276.416,-1091.704,-2580.808
16.731079,-2049,41,-427,55,-128,16,15568.292,4272.956,-1081.265,-2576.129,-151,-272,-334
16.751465,-2053,43,-413,63,-79,17,15566.086,4281.730,-1082.860,-2574.219
16.771058,-2079,23,-294,-4,0,8,15563.765,4291.468,-1083.278,-2571.859
16.791047,-2057,27,-385,28,-29,14,15563.083,4295.084,-1083.056,-2570.044
16.811036,-2065,34,-350,-6,-58,11,15563.497,4293.608,-1084.363,-2569.452
16.831025,-2076,29,-373,-18,-78,5,15564.579,4289.120,-1086.350,-2569.553,-151,-272,-318
16.851380,-2071,71,-314,-13,-104,7,15568.774,4276.271,-1080.771,-2567.906
16.871003,-2051,35,-472,70,-197,20,15574.692,4257.396,-1074.368,-2566.069
16.890961,-2068,-29,-454,43,-200,17,15581.837,4235.233,-1064.510,-2563.474
16.910981,-2047,13,-236,22,-186,14,15587.643,4217.563,-1055.709,-2560.949
16.930939,-2055,29,-411,29,-158,14,15589.635,4211.917,-1052.988,-2559.235,-150,-266,-319
16.951325,-2062,28,-386,-6,-71,9,15590.047,4210.691,-1053.907,-2558.363
16.970917,-2064,58,-329,-8,-81,9,15594.216,4198.297,-1047.103,-2556.118
16.990906,-2050,33,-403,48,-189,14,15598.113,4184.449,-1045.182,-2555.832
17.010895,-2054,35,-422,-16,-136,7,15601.606,4171.621,-1044.219,-2555.878
17.030884,-2058,29,-351,-1,-146,9,15605.094,4161.837,-1037.951,-2553.085,-148,-271,-314
17.051270,-2048,27,-452,76,-128,23,15601.905,4175.581,-1038.199,-2550.033
17.070862,-2063,15,-375,2,88,11,15591.775,4214.716,-1043.097,-2545.607,-148,-271,-314,99969,29790
17.090851,-2040,21,-378,9,198,11,15577.079,4267.568,-1055.763,-2542.298
17.110840,-2070,35,-336,-24,250,7,15564.875,4310.469,-1066.903,-2540.015
17.130829,-2066,41,-347,-24,151,6,15558.366,4332.784,-1074.607,-2538.678,-146,-265,-327
17.151184,-2065,47,-347,-22,21,6,15557.395,4334.944,-1078.958,-2539.096
17.170777,-2066,45,-358,-24,-100,5,15562.007,4317.379,-1080.001,-2540.319
17.190766,-2065,9,-371,-23,-212,8,15570.167,4286.824,-1078.926,-2542.516
17.210755,-2065,16,-377,-22,-262,8,15579.389,4252.080,-1077.203,-2545.097
17.230744,-2061,23,-375,-25,-281,8,15589.222,4213.541,-1077.341,-2548.923,-151,-274,-318
17.251191,-2070,19,-397,-59,-307,2,15598.980,4172.357,-1081.827,-2555.063
17.270722,-2038,56,-395,-74,-295,0,15606.225,4139.962,-1088.158,-2560.821
17.290711,-2058,56,-406,-60,-213,1,15609.270,4123.835,-1096.032,-2564.919
17.310700,-2066,49,-424,-77,-128,0,15609.616,4116.279,-1108.847,-2569.441
17.330719,-2038,28,-432,-90,-93,-2,15610.410,4107.856,-1119.498,-2573.475,-156,-267,-324
17.351044,-2051,28,-432,-65,-124,0,15612.950,4092.058,-1129.883,-2578.693
17.370667,-2035,35,-437,-80,-165,-2,15616.403,4074.356,-1136.731,-2582.801
17.390656,-2052,24,-433,-58,-164,0,15619.225,4059.328,-1143.389,-2586.459
17.410645,-2042,27,-465,-58,-140,0,15620.295,4050.747,-1151.430,-2589.877
17.430634,-2046,40,-452,-56,-89,0,15618.588,4052.977,-1160.691,-2592.553,-149,-274,-327
17.450989,-2043,120,-661,-46,-17,2,15615.140,4064.992,-1166.061,-2592.100
17.470612,-2035,31,-484,0,7,9,15618.986,4054.260,-1157.894,-2589.396
17.490601,-2058,47,-500,41,-42,17,15615.470,4068.711,-1159.854,-2587.056
17.510590,-2058,17,-416,-3,23,9,15611.885,4083.429,-1161.550,-2584.740
17.530579,-2062,50,-448,-10,34,7,15606.497,4103.311,-1167.284,-2583.209,-155,-276,-335
17.550934,-2022,45,-393,-12,56,8,15603.803,4116.879,-1164.541,-2579.128
17.570557,-2055,39,-385,-2,2,9,15601.858,4123.749,-1167.772,-2578.464,-155,-276,-335,99970,29800
17.590516,-2002,84,-405,-18,-55,7,15605.241,4112.040,-1165.058,-2577.918
17.610505,-1754,164,-458,45,-214,15,15615.808,4076.100,-1152.468,-2576.664
17.630494,-1960,48,-501,15,-235,11,15627.147,4033.553,-1144.682,-2578.342,-143,-276,-321
17.650879,-2299,-208,-75,-15,-303,8,15638.637,3987.469,-1140.996,-2581.993
17.670472,-2033,31,-420,-53,-475,1,15639.901,3981.388,-1142.877,-2582.889
17.690461,-1939,-41,-357,-25,-62,6,15638.910,3983.927,-1146.878,-2583.201
17.710450,-2091,67,-443,-23,-34,6,15636.419,3992.268,-1151.884,-2583.178
17.730439,-2060,29,-427,-23,-1,6,15632.497,4006.000,-1158.272,-2582.798,-155,-273,-316
17.750824,-2073,41,-429,-23,14,7,15629.612,4015.893,-1163.812,-2582.406
17.770386,-2065,22,-460,-23,-26,6,15627.952,4021.579,-1167.671,-2581.859
17.790375,-2219,-399,-86,-10,-51,9,15629.823,4017.107,-1164.714,-2578.828
17.810456,-2363,-74,-252,2,-78,13,15630.078,4015.691,-1165.376,-2579.192
17.830353,-2013,32,-357,-16,-85,7,15632.186,4008.589,-1163.643,-2578.246,-137,-239,-336
17.850739,-2028,44,-597,54,-156,20,15637.181,3994.265,-1153.264,-2574.847
17.870331,-2071,-4,-373,39,-146,15,15641.533,3982.214,-1143.640,-2571.370
17.890320,-2057,21,-429,29,-131,17,15643.854,3975.957,-1139.385,-2568.818
17.910309,-2057,29,-421,40,-117,18,15645.603,3971.717,-1135.481,-2566.457
17.930298,-2043,76,-540,2,-71,11,15645.319,3973.597,-1135.609,-2565.221
17.950684,-2106,-43,-73,24,-69,13,15648.419,3968.634,-1122.602,-2559.709,-146,-239,-352
17.970276,-2095,-90,-334,102,-125,26,15648.393,3971.819,-1118.443,-2556.746
17.990265,-2041,31,-422,43,-63,14,15645.953,3982.478,-1119.455,-2554.657
18.010254,-2052,35,-413,-14,19,7,15643.099,3992.965,-1123.656,-2553.924
18.030243,-2052,23,-411,-6,-29,8,15643.317,3993.304,-1122.871,-2552.400
18.050599,-2054,70,-421,8,-86,11,15644.353,3989.914,-1122.625,-2551.459,-199,-267,-394
18.070191,-2037,-90,-376,-7,-89,8,15647.644,3976.485,-1123.629,-2551.799,-199,-267,-394,99969,29800
18.090210,-2054,25,-421,-24,-194,12,15649.316,3968.081,-1126.937,-2553.173
18.110199,-2046,29,-430,-33,-86,3,15648.852,3967.390,-1132.938,-2554.436
18.130280,-2050,34,-422,-34,-54,5,15647.858,3969.104,-1138.418,-2555.423
18.150544,-2062,38,-422,-36,-56,4,15647.402,3966.820,-1147.064,-2557.898,-311,-253,-430
18.170166,-968,243,-1246,-60,-86,1,15650.406,3952.305,-1148.074,-2561.532
18.190125,-1644,-371,261,68,-246,-4,15659.789,3916.227,-1140.641,-2562.915
18.210114,-1558,-237,-414,4,-309,9,15669.053,3878.105,-1136.083,-2566.287
18.230103,-2059,353,-859,-27,-265,6,15674.655,3851.961,-1138.588,-2570.336
18.250489,-2103,39,-415,-67,-176,1,15675.426,3843.002,-1149.459,-2574.207,-1674,-1620,1021
18.270081,-2056,40,-505,-56,-72,1,15676.692,3834.105,-1155.895,-2576.878
18.290070,-2033,35,-455,-69,-17,1,15673.536,3845.033,-1162.310,-2576.908
18.310059,-2054,51,-456,-22,12,6,15669.253,3860.915,-1168.985,-2576.191
18.330048,-2036,29,-437,-23,52,5,15662.546,3886.594,-1177.207,-2574.619
18.350403,-2036,42,-501,-24,116,6,15653.436,3921.715,-1186.631,-2572.436,-579,-4530,-1286
18.370026,-2029,35,-549,-18,158,6,15644.054,3960.693,-1190.983,-2567.779
18.390015,-2047,22,-384,30,165,14,15638.277,3987.911,-1188.808,-2561.840
18.409974,-2040,24,-409,-19,94,4,15624.205,4040.697,-1201.768,-2558.938
18.429963,-2046,48,-410,-27,272,3,15611.578,4089.906,-1208.950,-2554.439
18.450348,-2083,34,-214,25,161,11,15602.721,4125.159,-1212.903,-2549.992,-2333,-8256,-1893
18.470002,-2072,74,-366,26,156,12,15596.312,4151.746,-1213.840,-2545.598
18.489930,-2033,-108,-353,29,53,11,15595.391,4158.490,-1209.169,-2542.457
18.509919,-2056,55,-424,32,-98,9,15595.464,4160.764,-1205.136,-2540.204
18.529908,-2065,46,-366,16,-44,12,15593.921,4167.541,-1205.317,-2538.477
18.550263,-2056,31,-381,-9,-10,8,15591.173,4177.621,-1208.275,-2537.380,-2042,-6378,-1428
18.569855,-2065,41,-361,-15,4,9,15587.290,4190.796,-1214.009,-2536.777,-2042,-6378,-1428,99967,29800
18.589844,-2084,40,-316,-24,17,7,15584.001,4201.331,-1219.569,-2536.888
18.609833,-2069,36,-345,-25,-20,3,15582.881,4203.963,-1224.025,-2537.263
18.629822,-2063,46,-331,-24,-71,6,15584.421,4196.688,-1226.918,-2538.450
18.650177,-2069,27,-353,-24,-130,5,15587.229,4184.707,-1228.710,-2540.122,-2142,-4812,-2053
18.669800,-2052,36,-385,-22,-138,5,15588.649,4177.949,-1231.383,-2541.237
18.689759,-2053,20,-381,-24,-82,6,15587.212,4181.744,-1235.849,-2541.642
; 18 stopping logging: shutdown: switched off
