;Title, http://www.gcdataconcepts.com, HAM-IMU+alt, MPU9250 BMP280,,,,,,,,,,,,,
;Version,1379, Build date, Jan 12 2018,  SN:CCDC50029F4C138,,,,,,,,,,,,
;Start_time, 2018-06-15, 18:45:09.371,2018-06-15 18:45:09.371,,,,,,,,,,,,,
;Temperature,-999, deg C,  Vbat,4176, mv,,,,,,,,,,,
;MPU SR,200,Hz,  Accel sens,2048,counts/g, Gyro sens,16,counts/dps,  Mag SR,10,Hz,  Mag sens,1666,counts/mT,,
;BMP280 SI,0.5,s ,,,,,,,,,,,,,,
;Deadband,0, counts,,,,,,,,,,,,,,
;DeadbandTimeout,5,sec,,,,,,,,,,,,,,
;Time, Ax, Ay, Az, Gx, Gy, Gz, Qw, Qx, Qy, Qz, Mx, My, Mz, P, T,Date Time
0.011353,-11,133,-2105,-27,-85,11,16064.6,-2949.541,-1231.528,384.193,-195,-1258,-261,100137,30650,2018-06-15 18:45:09.382
0.011688,-17,131,-2144,-26,-83,9,16062.746,-2958.141,-1234.634,385.631,,,,,,2018-06-15 18:45:09.383
0.01593,-34,132,-2127,-28,-85,11,16060.962,-2966.44,-1237.556,386.796,,,,,,2018-06-15 18:45:09.387
0.035919,-29,139,-2132,-26,-85,9,16059.132,-2974.855,-1240.619,388.338,,,,,,2018-06-15 18:45:09.407
0.075897,-18,128,-2159,-27,-84,11,16057.32,-2983.251,-1243.453,389.799,-195,-1258,-261,100139,30660,2018-06-15 18:45:09.447
0.076233,-18,97,-2123,-26,-83,12,16055.52,-2991.561,-1246.305,391.134,,,,,,2018-06-15 18:45:09.447
0.095886,-17,145,-2131,-26,-84,9,16053.689,-2999.89,-1249.415,392.596,-191,-1251,-270,,,2018-06-15 18:45:09.467
0.115875,-17,127,-2158,-29,-84,11,16051.837,-3008.318,-1252.478,394.055,,,,,,2018-06-15 18:45:09.487
0.135864,-7,139,-2122,-29,-85,11,16050.02,-3016.59,-1255.492,395.254,,,,,,2018-06-15 18:45:09.507
0.155853,16,142,-2140,-28,-84,9,16048.175,-3024.966,-1258.528,396.485,,,,,,2018-06-15 18:45:09.527
0.175842,-12,124,-2130,-28,-85,8,16046.341,-3033.284,-1261.498,397.745,-200,-1251,-268,,,2018-06-15 18:45:09.547
0.195801,-26,135,-2122,-29,-83,9,16044.48,-3041.712,-1264.449,399.054,,,,,,2018-06-15 18:45:09.567
0.21582,-15,116,-2130,-29,-83,9,16042.616,-3050.194,-1267.247,400.375,,,,,,2018-06-15 18:45:09.587
0.235779,-1,134,-2135,-28,-85,9,16040.76,-3058.542,-1270.201,401.699,,,,,,2018-06-15 18:45:09.607
0.255768,-20,136,-2129,-27,-84,9,16038.936,-3066.795,-1272.983,402.803,,,,,,2018-06-15 18:45:09.627
0.275757,-22,126,-2117,-28,-85,9,16037.08,-3075.048,-1276.067,404.028,-194,-1252,-265,,,2018-06-15 18:45:09.647
0.295746,-20,124,-2112,-28,-83,9,16035.211,-3083.373,-1279.135,405.069,,,,,,2018-06-15 18:45:09.667
0.315735,-18,117,-2111,-28,-84,8,16033.367,-3091.548,-1282.113,406.335,,,,,,2018-06-15 18:45:09.687
0.335724,-12,143,-2151,-27,-83,9,16031.507,-3099.836,-1284.943,407.619,,,,,,2018-06-15 18:45:09.707
0.355713,4,129,-2144,-28,-85,11,16029.652,-3107.989,-1287.969,408.934,,,,,,2018-06-15 18:45:09.727
0.375702,-1,135,-2111,-28,-83,9,16027.784,-3116.214,-1290.92,410.269,-186,-1253,-261,,,2018-06-15 18:45:09.747
0.395691,-17,119,-2119,-28,-83,11,16025.898,-3124.457,-1293.989,411.581,,,,,,2018-06-15 18:45:09.767
0.41568,-11,122,-2122,-29,-84,9,16024.022,-3132.685,-1296.906,412.881,,,,,,2018-06-15 18:45:09.787
0.435639,1,142,-2150,-28,-85,11,16022.166,-3140.891,-1299.61,414.072,,,,,,2018-06-15 18:45:09.807
0.455628,-28,142,-2136,-27,-85,8,16020.293,-3149.061,-1302.487,415.456,,,,,,2018-06-15 18:45:09.827
0.475647,-22,130,-2147,-28,-84,11,16018.414,-3157.227,-1305.396,416.792,-192,-1252,-267,,,2018-06-15 18:45:09.847
0.495636,-10,126,-2125,-29,-84,9,16016.563,-3165.262,-1308.285,417.913,,,,,,2018-06-15 18:45:09.867
0.515625,-23,127,-2141,-27,-84,8,16014.675,-3173.451,-1311.157,419.169,,,,,,2018-06-15 18:45:09.887
0.535614,-6,136,-2110,-29,-84,9,16012.832,-3181.406,-1314.022,420.312,,,,,,2018-06-15 18:45:09.907
0.555603,-4,134,-2114,-27,-83,9,16010.958,-3189.463,-1316.918,421.571,-192,-1252,-267,100135,30660,2018-06-15 18:45:09.927
0.575562,-11,131,-2133,-27,-84,11,16009.078,-3197.523,-1319.859,422.693,-197,-1243,-260,,,2018-06-15 18:45:09.947
0.595551,-12,121,-2125,-30,-84,8,16007.193,-3205.555,-1322.817,424.005,,,,,,2018-06-15 18:45:09.967
0.61554,-4,131,-2112,-29,-85,11,16005.32,-3213.481,-1325.829,425.321,,,,,,2018-06-15 18:45:09.987
0.635529,-14,120,-2151,-28,-86,11,16003.434,-3221.508,-1328.647,426.747,,,,,,2018-06-15 18:45:10.007
0.655518,-25,136,-2129,-27,-82,11,16001.604,-3229.296,-1331.392,427.95,,,,,,2018-06-15 18:45:10.027
0.675507,-10,124,-2114,-25,-82,11,15999.759,-3237.04,-1334.344,429.225,-199,-1247,-269,,,2018-06-15 18:45:10.047
0.695496,-6,129,-2127,-29,-84,9,15997.872,-3245.049,-1337.162,430.339,,,,,,2018-06-15 18:45:10.066
0.715485,-18,139,-2130,-27,-84,8,15995.991,-3253.031,-1339.853,431.605,,,,,,2018-06-15 18:45:10.086
0.735474,-10,150,-2125,-28,-84,11,15994.098,-3261.022,-1342.668,432.704,,,,,,2018-06-15 18:45:10.106
0.755463,-28,129,-2120,-27,-84,9,15992.215,-3268.905,-1345.53,433.937,,,,,,2018-06-15 18:45:10.126
0.775452,-20,129,-2150,-27,-85,11,15990.281,-3276.985,-1348.462,435.172,-192,-1259,-265,,,2018-06-15 18:45:10.146
0.795441,2,130,-2132,-28,-86,11,15988.381,-3284.945,-1351.281,436.226,,,,,,2018-06-15 18:45:10.166
0.815399,-4,131,-2123,-27,-85,9,15986.473,-3292.891,-1354.12,437.42,,,,,,2018-06-15 18:45:10.186
0.835419,-13,133,-2150,-27,-85,9,15984.599,-3300.762,-1356.67,438.696,,,,,,2018-06-15 18:45:10.206
0.855469,-3,124,-2142,-27,-84,11,15982.709,-3308.564,-1359.549,439.871,,,,,,2018-06-15 18:45:10.226
0.875397,-8,134,-2150,-28,-84,11,15980.819,-3316.365,-1362.331,441.165,-197,-1255,-253,,,2018-06-15 18:45:10.246
0.895386,-16,123,-2131,-27,-83,9,15978.952,-3324.007,-1365.209,442.4,,,,,,2018-06-15 18:45:10.266
0.915344,-5,124,-2127,-27,-82,9,15977.097,-3331.611,-1367.961,443.679,,,,,,2018-06-15 18:45:10.286
0.939942,-17,110,-2132,-28,-83,11,15975.245,-3339.264,-1370.493,445.021,,,,,,2018-06-15 18:45:10.311
0.955353,-11,129,-2152,-28,-83,11,15973.377,-3346.94,-1373.136,446.281,,,,,,2018-06-15 18:45:10.326
0.975311,-2,128,-2131,-27,-82,9,15971.468,-3354.647,-1376.062,447.72,-199,-1250,-274,,,2018-06-15 18:45:10.346
0.9953,-3,127,-2136,-29,-85,8,15969.565,-3362.38,-1378.913,448.8,,,,,,2018-06-15 18:45:10.366
1.015289,-18,120,-2134,-29,-84,7,15967.64,-3370.198,-1381.742,449.958,,,,,,2018-06-15 18:45:10.386
1.035278,1,140,-2115,-27,-84,8,15965.713,-3378.024,-1384.497,451.18,,,,,,2018-06-15 18:45:10.406
1.055298,-2,121,-2143,-27,-85,9,15963.825,-3385.703,-1387.177,452.178,-199,-1250,-274,100137,30660,2018-06-15 18:45:10.426
1.075256,-23,123,-2122,-27,-84,8,15961.93,-3393.353,-1389.872,453.466,-197,-1255,-269,,,2018-06-15 18:45:10.446
1.095245,-14,117,-2147,-28,-84,11,15960.034,-3400.989,-1392.549,454.778,,,,,,2018-06-15 18:45:10.466
1.115234,-15,127,-2111,-27,-84,12,15958.133,-3408.571,-1395.422,455.94,,,,,,2018-06-15 18:45:10.486
1.135224,-9,109,-2120,-29,-85,8,15956.216,-3416.141,-1398.344,457.39,,,,,,2018-06-15 18:45:10.506
1.155213,-9,134,-2123,-28,-83,11,15954.336,-3423.664,-1400.998,458.622,,,,,,2018-06-15 18:45:10.526
1.175202,-7,126,-2123,-27,-84,7,15952.401,-3431.387,-1403.753,459.78,-197,-1264,-267,,,2018-06-15 18:45:10.546
1.195191,0,129,-2120,-27,-85,11,15950.446,-3439.194,-1406.442,461.05,,,,,,2018-06-15 18:45:10.566
1.21518,-21,123,-2131,-28,-85,11,15948.485,-3446.942,-1409.344,462.164,,,,,,2018-06-15 18:45:10.586
1.235169,-10,138,-2129,-29,-86,8,15946.559,-3454.577,-1412.067,463.316,,,,,,2018-06-15 18:45:10.606
1.255158,-9,132,-2131,-27,-84,7,15944.666,-3462.068,-1414.728,464.435,,,,,,2018-06-15 18:45:10.626
1.275116,1,122,-2123,-27,-85,8,15942.771,-3469.572,-1417.29,465.671,-188,-1261,-266,,,2018-06-15 18:45:10.646
1.295136,-23,126,-2147,-28,-86,11,15940.878,-3477.081,-1419.82,466.761,,,,,,2018-06-15 18:45:10.666
1.315094,-11,132,-2125,-27,-84,9,15938.963,-3484.576,-1422.533,468.005,,,,,,2018-06-15 18:45:10.686
1.335083,-8,124,-2134,-28,-85,9,15937.063,-3492.053,-1425.08,469.219,,,,,,2018-06-15 18:45:10.706
1.355072,-17,126,-2121,-27,-84,7,15935.161,-3499.461,-1427.782,470.426,,,,,,2018-06-15 18:45:10.726
1.375061,-18,147,-2135,-27,-84,8,15933.244,-3506.957,-1430.393,471.587,-199,-1245,-260,,,2018-06-15 18:45:10.746
1.39505,-20,135,-2139,-27,-84,11,15931.353,-3514.268,-1433.053,472.98,,,,,,2018-06-15 18:45:10.766
1.415039,-17,119,-2144,-27,-83,9,15929.463,-3521.589,-1435.656,474.269,,,,,,2018-06-15 18:45:10.786
1.435028,-12,139,-2114,-28,-83,12,15927.55,-3529.013,-1438.214,475.587,,,,,,2018-06-15 18:45:10.806
1.455017,-6,138,-2135,-27,-85,9,15925.641,-3536.413,-1440.921,476.376,,,,,,2018-06-15 18:45:10.826
1.475006,-27,100,-2137,-28,-85,6,15923.718,-3543.86,-1443.546,477.36,-198,-1241,-266,,,2018-06-15 18:45:10.846
1.494995,-24,127,-2127,-29,-85,7,15921.805,-3551.201,-1446.246,478.448,,,,,,2018-06-15 18:45:10.866
1.514984,-18,119,-2122,-28,-84,9,15919.878,-3558.616,-1448.828,479.644,,,,,,2018-06-15 18:45:10.886
1.534973,-18,126,-2153,-27,-84,8,15917.967,-3565.979,-1451.335,480.813,,,,,,2018-06-15 18:45:10.906
1.555023,-9,123,-2125,-27,-85,11,15916.079,-3573.206,-1453.852,482.062,,,,,,2018-06-15 18:45:10.926
1.574951,-32,123,-2143,-27,-83,9,15914.157,-3580.509,-1456.537,483.229,-197,-1250,-258,100133,30660,2018-06-15 18:45:10.946
1.59491,-17,145,-2113,-30,-84,8,15912.279,-3587.645,-1459.116,484.337,,,,,,2018-06-15 18:45:10.966
1.614929,-20,133,-2130,-28,-83,8,15910.343,-3594.969,-1461.764,485.646,,,,,,2018-06-15 18:45:10.986
1.634979,-17,132,-2150,-28,-85,9,15908.42,-3602.293,-1464.36,486.575,,,,,,2018-06-15 18:45:11.006
1.654907,-7,130,-2124,-27,-84,7,15906.539,-3609.442,-1466.789,487.756,,,,,,2018-06-15 18:45:11.026
1.674896,-5,121,-2129,-27,-85,11,15904.616,-3616.681,-1469.406,488.971,-192,-1255,-269,,,2018-06-15 18:45:11.046
1.694885,-11,126,-2119,-27,-86,9,15902.684,-3623.951,-1471.993,490.209,,,,,,2018-06-15 18:45:11.066
1.714874,-17,122,-2125,-27,-83,7,15900.783,-3631.096,-1474.548,491.326,,,,,,2018-06-15 18:45:11.086
1.734863,-9,141,-2154,-27,-84,9,15898.901,-3638.12,-1477.058,492.708,,,,,,2018-06-15 18:45:11.106
1.754852,-15,143,-2131,-27,-82,11,15897.023,-3645.085,-1479.72,493.857,,,,,,2018-06-15 18:45:11.126
1.774841,-14,131,-2120,-28,-83,9,15895.123,-3652.14,-1482.347,495.006,-199,-1259,-269,,,2018-06-15 18:45:11.146
1.79483,-31,146,-2117,-28,-84,9,15893.175,-3659.398,-1484.94,496.172,,,,,,2018-06-15 18:45:11.166
1.814819,-14,140,-2135,-27,-85,9,15891.253,-3666.561,-1487.544,497.048,,,,,,2018-06-15 18:45:11.186
1.834808,-15,115,-2132,-27,-85,7,15889.32,-3673.645,-1490.301,498.273,,,,,,2018-06-15 18:45:11.206
1.854797,-15,127,-2129,-29,-85,9,15887.437,-3680.631,-1492.762,499.401,,,,,,2018-06-15 18:45:11.226
1.874786,-11,129,-2132,-27,-82,9,15885.553,-3687.589,-1495.265,500.523,-193,-1251,-273,,,2018-06-15 18:45:11.246
1.894745,-12,139,-2123,-27,-84,11,15883.61,-3694.748,-1497.828,501.724,,,,,,2018-06-15 18:45:11.266
1.914734,-18,114,-2127,-27,-84,9,15881.683,-3701.872,-1500.289,502.854,,,,,,2018-06-15 18:45:11.286
1.934723,-11,131,-2141,-28,-84,9,15879.796,-3708.81,-1502.678,504.171,,,,,,2018-06-15 18:45:11.306
1.954743,-22,143,-2162,-27,-83,9,15877.857,-3715.827,-1505.325,505.671,,,,,,2018-06-15 18:45:11.326
1.974732,-17,113,-2139,-29,-84,9,15875.992,-3722.607,-1507.885,506.763,-203,-1251,-268,,,2018-06-15 18:45:11.346
1.99469,-7,119,-2122,-28,-83,8,15874.057,-3729.661,-1510.459,507.831,,,,,,2018-06-15 18:45:11.366
2.014679,-34,133,-2145,-28,-84,11,15872.148,-3736.567,-1512.991,509.21,,,,,,2018-06-15 18:45:11.386
2.034699,-16,124,-2141,-28,-84,9,15870.252,-3743.452,-1515.44,510.439,,,,,,2018-06-15 18:45:11.406
2.054657,-15,146,-2135,-27,-84,11,15868.304,-3750.517,-1517.931,511.744,,,,,,2018-06-15 18:45:11.426
2.074707,-8,131,-2149,-27,-84,9,15866.38,-3757.561,-1520.198,512.979,-197,-1257,-262,100140,30660,2018-06-15 18:45:11.446
2.094635,-32,133,-2140,-27,-86,11,15864.469,-3764.482,-1522.607,514.185,,,,,,2018-06-15 18:45:11.466
2.114624,-9,117,-2106,-27,-83,7,15862.53,-3771.372,-1525.327,515.455,,,,,,2018-06-15 18:45:11.486
2.134613,-28,125,-2121,-29,-83,9,15860.541,-3778.57,-1527.717,516.878,,,,,,2018-06-15 18:45:11.506
2.154602,-22,134,-2139,-28,-86,9,15858.624,-3785.35,-1530.374,518.227,,,,,,2018-06-15 18:45:11.526
2.174591,-33,120,-2122,-28,-84,9,15856.717,-3792.189,-1532.739,519.608,-189,-1243,-258,,,2018-06-15 18:45:11.546
2.19458,-21,124,-2142,-29,-84,11,15854.767,-3799.144,-1535.249,520.876,,,,,,2018-06-15 18:45:11.566
2.214539,-16,122,-2127,-27,-85,11,15852.812,-3806.101,-1537.789,522.11,,,,,,2018-06-15 18:45:11.586
2.234558,-21,132,-2122,-28,-84,9,15850.885,-3812.915,-1540.354,523.322,,,,,,2018-06-15 18:45:11.606
2.254547,-1,129,-2145,-28,-84,11,15848.955,-3819.73,-1542.911,524.55,,,,,,2018-06-15 18:45:11.626
2.274506,-5,105,-2131,-27,-84,11,15846.99,-3826.715,-1545.418,525.625,-194,-1257,-274,,,2018-06-15 18:45:11.646
2.294525,-13,137,-2144,-27,-84,9,15845.079,-3833.485,-1547.807,526.879,,,,,,2018-06-15 18:45:11.666
2.314484,-4,107,-2113,-28,-84,9,15843.148,-3840.32,-1550.234,528.022,,,,,,2018-06-15 18:45:11.685
2.334473,-17,120,-2124,-28,-85,9,15841.24,-3847.081,-1552.548,529.246,,,,,,2018-06-15 18:45:11.705
2.354462,-18,133,-2133,-28,-83,11,15839.335,-3853.758,-1555.042,530.382,,,,,,2018-06-15 18:45:11.725
2.374451,6,128,-2153,-28,-84,9,15837.392,-3860.523,-1557.657,531.536,-194,-1250,-278,,,2018-06-15 18:45:11.745
2.39444,-12,127,-2140,-28,-84,9,15835.394,-3867.489,-1560.264,532.776,,,,,,2018-06-15 18:45:11.765
2.414429,-20,132,-2139,-29,-84,9,15833.535,-3873.962,-1562.641,534.007,,,,,,2018-06-15 18:45:11.785
2.434418,-25,116,-2153,-27,-83,9,15831.639,-3880.674,-1564.836,535.057,,,,,,2018-06-15 18:45:11.805
2.454407,-9,121,-2121,-26,-85,11,15829.711,-3887.414,-1567.215,536.232,,,,,,2018-06-15 18:45:11.825
2.474396,-2,132,-2125,-28,-84,8,15827.808,-3894.052,-1569.578,537.306,-203,-1256,-261,,,2018-06-15 18:45:11.845
2.494385,-2,138,-2117,-27,-84,11,15825.828,-3900.961,-1571.991,538.472,,,,,,2018-06-15 18:45:11.865
2.514374,-18,121,-2144,-26,-85,11,15823.907,-3907.622,-1574.443,539.466,,,,,,2018-06-15 18:45:11.885
2.534363,-35,120,-2131,-28,-84,11,15822.031,-3914.164,-1576.65,540.618,,,,,,2018-06-15 18:45:11.905
2.554352,-17,135,-2130,-28,-84,8,15820.153,-3920.656,-1578.998,541.675,,,,,,2018-06-15 18:45:11.925
2.574341,-8,129,-2130,-28,-83,8,15818.245,-3927.207,-1581.329,543.129,-197,-1247,-267,100138,30680,2018-06-15 18:45:11.945
2.59433,-19,132,-2116,-28,-83,9,15816.315,-3933.821,-1583.775,544.357,,,,,,2018-06-15 18:45:11.965
2.614319,-2,142,-2161,-29,-84,11,15814.394,-3940.383,-1586.244,545.515,,,,,,2018-06-15 18:45:11.985
2.634369,2,134,-2123,-29,-83,9,15812.491,-3946.859,-1588.658,546.844,,,,,,2018-06-15 18:45:12.005
2.654266,-2,127,-2162,-28,-82,11,15810.584,-3953.396,-1590.954,548.073,,,,,,2018-06-15 18:45:12.025
2.674255,-23,119,-2135,-27,-84,9,15808.677,-3959.909,-1593.305,549.235,-187,-1247,-255,,,2018-06-15 18:45:12.045
2.694245,-17,117,-2127,-29,-83,11,15806.744,-3966.473,-1595.729,550.457,,,,,,2018-06-15 18:45:12.065
2.714234,-13,139,-2134,-28,-85,8,15804.864,-3972.797,-1598.157,551.803,,,,,,2018-06-15 18:45:12.085
2.734223,-19,121,-2136,-28,-82,11,15802.951,-3979.315,-1600.471,552.923,,,,,,2018-06-15 18:45:12.105
2.754273,-6,131,-2122,-27,-84,8,15801.06,-3985.772,-1602.699,554.006,,,,,,2018-06-15 18:45:12.125
2.774201,-9,140,-2129,-27,-83,8,15799.137,-3992.305,-1605.052,554.986,-197,-1250,-274,,,2018-06-15 18:45:12.145
2.79419,-7,133,-2123,-28,-84,8,15797.185,-3998.9,-1607.405,556.264,,,,,,2018-06-15 18:45:12.165
2.814179,-11,126,-2139,-27,-84,9,15795.262,-4005.32,-1609.89,557.509,,,,,,2018-06-15 18:45:12.185
2.834168,-26,129,-2125,-28,-84,8,15793.339,-4011.79,-1612.259,558.612,,,,,,2018-06-15 18:45:12.205
2.854218,-2,124,-2141,-28,-84,9,15791.402,-4018.277,-1614.657,559.809,,,,,,2018-06-15 18:45:12.225
2.874146,-23,124,-2123,-27,-83,9,15789.545,-4024.527,-1616.86,560.947,,,,,,2018-06-15 18:45:12.245
2.894135,-19,136,-2132,-27,-83,11,15787.63,-4030.896,-1619.254,562.211,-195,-1256,-268,,,2018-06-15 18:45:12.265
2.914124,-11,123,-2121,-28,-84,9,15785.698,-4037.359,-1621.562,563.422,,,,,,2018-06-15 18:45:12.285
2.934082,-3,128,-2141,-28,-84,9,15783.792,-4043.731,-1623.866,564.479,,,,,,2018-06-15 18:45:12.305
2.954071,-15,142,-2141,-27,-84,9,15781.907,-4049.959,-1626.258,565.665,,,,,,2018-06-15 18:45:12.325
2.97406,-9,129,-2132,-29,-84,8,15779.993,-4056.341,-1628.548,566.735,,,,,,2018-06-15 18:45:12.345
2.99408,-15,122,-2156,-28,-83,8,15778.082,-4062.685,-1630.867,567.836,-203,-1251,-261,,,2018-06-15 18:45:12.365
3.014038,8,129,-2129,-27,-83,8,15776.154,-4069.043,-1633.261,568.994,,,,,,2018-06-15 18:45:12.385
3.034027,-2,123,-2124,-29,-84,9,15774.232,-4075.34,-1635.69,570.22,,,,,,2018-06-15 18:45:12.405
3.054016,-18,119,-2137,-29,-83,11,15772.302,-4081.701,-1637.983,571.522,,,,,,2018-06-15 18:45:12.425
3.074005,-27,125,-2127,-26,-84,11,15770.412,-4087.907,-1640.247,572.833,-203,-1251,-261,100141,30680,2018-06-15 18:45:12.445
3.093994,-15,112,-2110,-27,-83,11,15768.453,-4094.328,-1642.666,573.989,-201,-1259,-260,,,2018-06-15 18:45:12.465
3.113983,-26,128,-2136,-28,-84,8,15766.524,-4100.692,-1644.888,575.179,,,,,,2018-06-15 18:45:12.485
3.133972,-24,128,-2129,-28,-85,7,15764.579,-4107.102,-1647.114,576.379,,,,,,2018-06-15 18:45:12.505
3.153961,-9,118,-2125,-27,-84,11,15762.735,-4113.156,-1649.311,577.356,,,,,,2018-06-15 18:45:12.525
3.17395,-23,134,-2140,-26,-83,8,15760.85,-4119.317,-1651.559,578.457,,,,,,2018-06-15 18:45:12.545
3.193939,-10,130,-2119,-29,-84,7,15758.975,-4125.407,-1653.893,579.474,-194,-1257,-262,,,2018-06-15 18:45:12.565
3.213928,-20,123,-2119,-28,-84,11,15757.037,-4131.767,-1656.025,580.763,,,,,,2018-06-15 18:45:12.585
3.233917,-25,137,-2133,-27,-83,11,15755.149,-4137.875,-1658.28,582.072,,,,,,2018-06-15 18:45:12.605
3.253876,-12,123,-2125,-28,-83,9,15753.267,-4143.968,-1660.533,583.233,,,,,,2018-06-15 18:45:12.625
3.273895,-10,126,-2112,-29,-83,11,15751.332,-4150.198,-1662.967,584.27,,,,,,2018-06-15 18:45:12.645
3.293945,-23,125,-2133,-28,-84,7,15749.381,-4156.558,-1665.15,585.442,-206,-1257,-271,,,2018-06-15 18:45:12.665
3.313843,-13,117,-2134,-27,-84,9,15747.486,-4162.654,-1667.376,586.764,,,,,,2018-06-15 18:45:12.685
3.333832,-7,135,-2147,-27,-83,9,15745.564,-4168.827,-1669.672,587.972,,,,,,2018-06-15 18:45:12.705
3.353821,-24,141,-2097,-28,-84,9,15743.649,-4174.996,-1671.893,589.185,,,,,,2018-06-15 18:45:12.725
3.37381,-29,114,-2155,-27,-83,8,15741.727,-4181.172,-1674.131,590.379,,,,,,2018-06-15 18:45:12.745
3.393799,-20,135,-2109,-27,-85,11,15739.814,-4187.335,-1676.365,591.363,-194,-1250,-267,,,2018-06-15 18:45:12.765
3.413788,-19,135,-2110,-28,-84,8,15737.89,-4193.448,-1678.727,592.562,,,,,,2018-06-15 18:45:12.785
3.433777,-41,128,-2147,-29,-84,9,15736,-4199.461,-1681.024,593.638,,,,,,2018-06-15 18:45:12.805
3.453766,-19,124,-2144,-29,-83,11,15734.119,-4205.444,-1683.305,594.692,,,,,,2018-06-15 18:45:12.825
3.473755,-29,135,-2110,-27,-83,7,15732.211,-4211.545,-1685.465,595.881,,,,,,2018-06-15 18:45:12.845
3.493744,-26,137,-2142,-27,-84,9,15730.297,-4217.608,-1687.783,596.969,-201,-1245,-274,,,2018-06-15 18:45:12.865
3.513733,-4,127,-2116,-29,-85,7,15728.377,-4223.672,-1690.073,598.21,,,,,,2018-06-15 18:45:12.885
3.533692,0,118,-2142,-29,-84,11,15726.461,-4229.757,-1692.144,599.713,,,,,,2018-06-15 18:45:12.905
3.553711,-16,131,-2132,-28,-85,11,15724.529,-4235.942,-1694.213,600.874,,,,,,2018-06-15 18:45:12.925
3.5737,-12,134,-2154,-28,-84,11,15722.577,-4242.128,-1696.462,601.991,-201,-1245,-274,100134,30690,2018-06-15 18:45:12.945
3.593689,-22,126,-2139,-27,-84,7,15720.605,-4248.414,-1698.649,602.98,-194,-1283,-255,,,2018-06-15 18:45:12.965
3.613648,-46,138,-2115,-27,-85,9,15718.683,-4254.404,-1701,604.219,,,,,,2018-06-15 18:45:12.985
3.633698,-11,145,-2134,-27,-82,11,15716.745,-4260.476,-1703.271,605.456,,,,,,2018-06-15 18:45:13.005
3.653626,-31,132,-2139,-27,-84,9,15714.84,-4266.366,-1705.723,606.512,,,,,,2018-06-15 18:45:13.025
3.673615,-25,112,-2121,-29,-84,8,15712.915,-4272.403,-1707.859,607.888,,,,,,2018-06-15 18:45:13.045
3.693604,-24,122,-2158,-28,-87,11,15710.992,-4278.365,-1710.139,609.25,-165,-1367,-239,,,2018-06-15 18:45:13.065
3.713593,-13,126,-2135,-29,-84,9,15709.111,-4284.209,-1712.348,610.489,,,,,,2018-06-15 18:45:13.085
3.733582,6,126,-2131,-28,-83,11,15707.205,-4290.114,-1714.625,611.669,,,,,,2018-06-15 18:45:13.105
3.753571,-26,131,-2121,-29,-84,8,15705.231,-4296.254,-1716.9,612.87,,,,,,2018-06-15 18:45:13.125
3.77356,-6,119,-2121,-28,-85,11,15703.282,-4302.307,-1719.161,613.999,,,,,,2018-06-15 18:45:13.145
3.793549,-2,132,-2131,-27,-84,8,15701.356,-4308.28,-1721.366,615.21,-50,-1457,-236,,,2018-06-15 18:45:13.165
3.813538,6,133,-2114,-27,-85,9,15699.399,-4314.244,-1723.835,616.434,,,,,,2018-06-15 18:45:13.185
3.833527,-13,134,-2150,-29,-84,8,15697.447,-4320.223,-1726.24,617.554,,,,,,2018-06-15 18:45:13.205
3.853516,-20,130,-2120,-29,-85,8,15695.609,-4325.854,-1728.461,618.637,,,,,,2018-06-15 18:45:13.225
3.873505,1,131,-2126,-27,-83,11,15693.701,-4331.765,-1730.58,619.756,,,,,,2018-06-15 18:45:13.245
3.893494,-18,135,-2113,-26,-85,9,15691.723,-4337.791,-1733.024,620.859,-5,-1317,-214,,,2018-06-15 18:45:13.264
3.913452,-22,124,-2120,-29,-84,7,15689.823,-4343.636,-1735.153,622.046,,,,,,2018-06-15 18:45:13.284
3.933472,-10,129,-2150,-26,-83,11,15687.945,-4349.429,-1737.2,623.241,,,,,,2018-06-15 18:45:13.304
3.95343,-17,117,-2131,-27,-84,11,15686.044,-4355.3,-1739.237,624.408,,,,,,2018-06-15 18:45:13.324
3.973419,-24,144,-2124,-27,-83,9,15684.158,-4361.045,-1741.405,625.629,,,,,,2018-06-15 18:45:13.344
3.993408,-8,132,-2123,-29,-82,11,15682.274,-4366.797,-1743.538,626.804,-14,-1320,-245,,,2018-06-15 18:45:13.364
4.013397,-7,109,-2127,-28,-85,11,15680.416,-4372.463,-1745.639,627.943,,,,,,2018-06-15 18:45:13.384
4.033386,-14,129,-2106,-28,-82,9,15678.492,-4378.332,-1747.707,629.331,,,,,,2018-06-15 18:45:13.404
4.053375,-23,127,-2125,-28,-84,11,15676.541,-4384.293,-1749.917,630.296,,,,,,2018-06-15 18:45:13.424
4.073364,-24,131,-2116,-27,-84,8,15674.609,-4390.15,-1752.117,631.447,-14,-1320,-245,100140,30690,2018-06-15 18:45:13.444
4.093353,-32,108,-2143,-28,-84,9,15672.709,-4395.902,-1754.269,632.616,-17,-1338,-244,,,2018-06-15 18:45:13.464
4.113342,-23,126,-2123,-27,-84,8,15670.812,-4401.682,-1756.34,633.671,,,,,,2018-06-15 18:45:13.484
4.133331,59,95,-2144,-29,-85,9,15669.056,-4406.894,-1758.468,634.971,,,,,,2018-06-15 18:45:13.504
4.15332,-1,137,-2123,-29,-84,11,15667.123,-4412.692,-1760.694,636.232,,,,,,2018-06-15 18:45:13.524
4.173309,1,141,-2098,-28,-84,9,15665.18,-4418.537,-1762.909,637.39,,,,,,2018-06-15 18:45:13.544
4.193298,-14,131,-2120,-28,-85,11,15663.248,-4424.381,-1764.97,638.618,-18,-1363,-273,,,2018-06-15 18:45:13.564
4.213287,-15,126,-2151,-28,-85,11,15661.38,-4429.993,-1767.058,639.744,,,,,,2018-06-15 18:45:13.584
4.233276,-17,126,-2135,-27,-84,11,15659.472,-4435.694,-1769.219,640.965,,,,,,2018-06-15 18:45:13.604
4.253266,-15,128,-2111,-28,-83,11,15657.592,-4441.342,-1771.263,642.151,,,,,,2018-06-15 18:45:13.624
4.273255,-13,127,-2112,-28,-84,11,15655.702,-4446.962,-1773.439,643.314,,,,,,2018-06-15 18:45:13.644
4.293213,-11,128,-2123,-28,-83,9,15653.815,-4452.579,-1775.588,644.476,-26,-1385,-291,,,2018-06-15 18:45:13.664
4.313202,-5,150,-2129,-29,-84,11,15651.962,-4458.079,-1777.763,645.455,,,,,,2018-06-15 18:45:13.684
4.333191,-11,118,-2141,-28,-82,8,15650.057,-4463.734,-1779.896,646.683,,,,,,2018-06-15 18:45:13.704
4.35318,0,121,-2140,-27,-84,11,15648.166,-4469.306,-1782.045,648.047,,,,,,2018-06-15 18:45:13.724
4.373169,-25,120,-2152,-29,-83,11,15646.255,-4474.922,-1784.253,649.352,,,,,,2018-06-15 18:45:13.744
4.393158,-10,140,-2144,-29,-85,11,15644.365,-4480.501,-1786.452,650.367,-21,-1378,-296,,,2018-06-15 18:45:13.764
4.413178,-18,126,-2127,-28,-84,8,15642.46,-4486.136,-1788.561,651.536,,,,,,2018-06-15 18:45:13.784
4.433136,-2,109,-2137,-28,-85,12,15640.582,-4491.714,-1790.6,652.591,,,,,,2018-06-15 18:45:13.804
4.453125,-25,127,-2146,-27,-84,9,15638.644,-4497.48,-1792.67,653.638,,,,,,2018-06-15 18:45:13.824
4.473114,-20,128,-2122,-28,-85,9,15636.746,-4503.094,-1794.704,654.826,,,,,,2018-06-15 18:45:13.844
4.493103,-13,118,-2130,-28,-84,8,15634.843,-4508.669,-1796.881,655.925,-26,-1382,-296,,,2018-06-15 18:45:13.864
4.513153,-16,141,-2123,-27,-84,9,15632.954,-4514.249,-1798.924,656.97,,,,,,2018-06-15 18:45:13.884
4.533081,-10,122,-2145,-28,-84,8,15631.019,-4519.944,-1801.015,658.123,,,,,,2018-06-15 18:45:13.904
4.55307,-14,124,-2134,-27,-84,11,15629.102,-4525.612,-1803.009,659.248,,,,,,2018-06-15 18:45:13.924
4.573059,-21,113,-2149,-28,-86,8,15627.167,-4531.353,-1804.984,660.269,-26,-1382,-296,100140,30690,2018-06-15 18:45:13.944
4.593048,-25,125,-2143,-27,-85,8,15625.287,-4536.856,-1806.952,661.586,-27,-1384,-297,,,2018-06-15 18:45:13.964
4.613037,-23,131,-2119,-28,-84,11,15623.412,-4542.311,-1809.025,662.786,,,,,,2018-06-15 18:45:13.984
4.633057,-14,139,-2129,-28,-84,11,15621.521,-4547.843,-1811.054,663.882,,,,,,2018-06-15 18:45:14.004
4.653015,3,131,-2146,-27,-85,8,15619.628,-4553.323,-1813.155,665.104,,,,,,2018-06-15 18:45:14.024
4.672974,-9,131,-2133,-29,-83,11,15617.787,-4558.735,-1815.014,666.194,,,,,,2018-06-15 18:45:14.044
4.692963,3,124,-2141,-27,-85,9,15615.89,-4564.212,-1817.142,667.358,-28,-1380,-300,,,2018-06-15 18:45:14.064
4.712952,-11,123,-2120,-28,-84,9,15614.06,-4569.468,-1819.217,668.57,,,,,,2018-06-15 18:45:14.084
4.732941,-12,123,-2143,-28,-82,8,15612.158,-4574.985,-1821.225,669.777,,,,,,2018-06-15 18:45:14.104
4.75293,-24,123,-2123,-28,-83,8,15610.312,-4580.292,-1823.288,670.922,,,,,,2018-06-15 18:45:14.124
4.772919,-13,136,-2139,-29,-82,11,15608.416,-4585.784,-1825.294,672.068,,,,,,2018-06-15 18:45:14.144
4.792908,-25,126,-2123,-28,-85,8,15606.527,-4591.188,-1827.398,673.314,-21,-1368,-300,,,2018-06-15 18:45:14.164
4.812897,-4,137,-2107,-29,-83,9,15604.695,-4596.426,-1829.447,674.484,,,,,,2018-06-15 18:45:14.184
4.832916,-16,133,-2136,-27,-82,9,15602.801,-4601.824,-1831.619,675.596,,,,,,2018-06-15 18:45:14.204
4.852875,-1,130,-2124,-29,-84,7,15600.901,-4607.248,-1833.727,676.787,,,,,,2018-06-15 18:45:14.224
4.872864,-15,119,-2106,-29,-84,8,15599.066,-4612.448,-1835.846,677.919,,,,,,2018-06-15 18:45:14.244
4.892853,-23,131,-2140,-28,-83,11,15597.16,-4617.9,-1837.91,679.053,-29,-1388,-301,,,2018-06-15 18:45:14.264
4.912811,-10,113,-2129,-27,-86,9,15595.269,-4623.367,-1839.783,680.222,,,,,,2018-06-15 18:45:14.284
4.932831,-24,128,-2140,-26,-84,11,15593.363,-4628.761,-1841.857,681.617,,,,,,2018-06-15 18:45:14.304
4.95282,-14,139,-2146,-29,-84,11,15591.484,-4634.13,-1843.789,682.887,,,,,,2018-06-15 18:45:14.324
4.972778,-31,136,-2144,-28,-83,9,15589.639,-4639.335,-1845.882,684.009,,,,,,2018-06-15 18:45:14.344
4.992767,-24,127,-2111,-29,-84,9,15587.759,-4644.666,-1847.951,685.1,-22,-1381,-297,,,2018-06-15 18:45:14.364
5.012756,-19,126,-2115,-27,-84,9,15585.83,-4650.168,-1849.959,686.247,,,,,,2018-06-15 18:45:14.384
5.032745,-15,140,-2141,-29,-87,8,15583.878,-4655.706,-1852.086,687.282,,,,,,2018-06-15 18:45:14.404
5.052734,-5,143,-2121,-29,-85,9,15581.967,-4661.149,-1854.112,688.262,,,,,,2018-06-15 18:45:14.424
5.072724,-16,125,-2134,-28,-84,8,15580.133,-4666.306,-1856.169,689.289,-22,-1381,-297,100142,30700,2018-06-15 18:45:14.444
5.092713,-11,127,-2152,-27,-83,9,15578.29,-4671.578,-1857.978,690.353,-16,-1387,-303,,,2018-06-15 18:45:14.464
5.112702,-30,110,-2140,-28,-85,9,15576.411,-4676.915,-1859.842,691.595,,,,,,2018-06-15 18:45:14.484
5.132691,-16,126,-2136,-28,-84,9,15574.592,-4682.037,-1861.746,692.775,,,,,,2018-06-15 18:45:14.504
5.15268,-8,130,-2092,-28,-83,11,15572.735,-4687.254,-1863.723,693.926,,,,,,2018-06-15 18:45:14.524
5.172669,-62,141,-2155,-28,-84,9,15570.856,-4692.519,-1865.761,695.044,,,,,,2018-06-15 18:45:14.544
5.192658,-23,130,-2136,-28,-83,11,15569.027,-4697.666,-1867.661,696.134,-24,-1381,-281,,,2018-06-15 18:45:14.564
5.212647,-3,124,-2129,-27,-83,8,15567.161,-4702.785,-1869.855,697.426,,,,,,2018-06-15 18:45:14.584
5.232636,-16,123,-2139,-29,-83,9,15565.232,-4708.253,-1871.738,698.519,,,,,,2018-06-15 18:45:14.604
5.252594,-12,133,-2132,-27,-84,7,15563.39,-4713.507,-1873.416,699.643,,,,,,2018-06-15 18:45:14.624
5.272583,-3,113,-2129,-27,-84,11,15561.555,-4718.666,-1875.264,700.733,,,,,,2018-06-15 18:45:14.644
5.292603,-21,133,-2135,-27,-83,11,15559.689,-4723.837,-1877.223,702.078,-22,-1386,-295,,,2018-06-15 18:45:14.664
5.312561,-1,107,-2140,-29,-83,11,15557.783,-4729.084,-1879.267,703.508,,,,,,2018-06-15 18:45:14.684
5.33255,-2,128,-2130,-27,-84,11,15555.918,-4734.302,-1881.108,704.751,,,,,,2018-06-15 18:45:14.704
5.352539,-5,124,-2112,-28,-83,9,15554.104,-4739.264,-1883.162,705.953,,,,,,2018-06-15 18:45:14.724
5.372528,-10,117,-2134,-29,-83,9,15552.236,-4744.417,-1885.143,707.202,,,,,,2018-06-15 18:45:14.744
5.392517,-19,119,-2129,-28,-84,8,15550.379,-4749.594,-1887.012,708.292,-21,-1380,-243,,,2018-06-15 18:45:14.764
5.412506,6,138,-2127,-28,-85,9,15548.56,-4754.63,-1888.943,709.308,,,,,,2018-06-15 18:45:14.784
5.432495,-8,125,-2150,-27,-83,8,15546.794,-4759.475,-1890.886,710.345,,,,,,2018-06-15 18:45:14.803
5.452484,-18,131,-2117,-27,-83,8,15544.923,-4764.596,-1892.902,711.587,,,,,,2018-06-15 18:45:14.823
5.472473,-21,138,-2120,-29,-84,11,15543.069,-4769.728,-1894.763,712.738,,,,,,2018-06-15 18:45:14.843
5.492462,-10,135,-2120,-28,-85,11,15541.222,-4774.842,-1896.594,713.907,-54,-1320,-164,,,2018-06-15 18:45:14.863
5.512451,-4,128,-2151,-27,-84,9,15539.385,-4779.885,-1898.517,715.047,,,,,,2018-06-15 18:45:14.883
5.53244,-17,129,-2112,-27,-85,8,15537.549,-4784.878,-1900.55,716.13,,,,,,2018-06-15 18:45:14.903
5.552429,-9,116,-2107,-29,-83,9,15535.745,-4789.826,-1902.45,717.164,,,,,,2018-06-15 18:45:14.923
5.572418,-10,126,-2137,-28,-83,9,15533.854,-4794.994,-1904.412,718.381,-54,-1320,-164,100141,30700,2018-06-15 18:45:14.943
5.592407,-9,122,-2133,-29,-84,11,15532.006,-4800.023,-1906.384,719.517,-96,-1322,-154,,,2018-06-15 18:45:14.963
5.612396,-12,128,-2147,-28,-84,9,15530.219,-4804.874,-1908.369,720.447,,,,,,2018-06-15 18:45:14.983
5.632477,-10,125,-2147,-28,-84,8,15528.38,-4809.875,-1910.322,721.54,,,,,,2018-06-15 18:45:15.003
5.652344,-6,129,-2115,-29,-84,8,15526.578,-4814.773,-1912.161,722.768,,,,,,2018-06-15 18:45:15.023
5.672333,7,125,-2131,-29,-84,11,15524.74,-4819.798,-1914.011,723.88,,,,,,2018-06-15 18:45:15.043
5.692352,-21,131,-2150,-28,-84,9,15522.919,-4824.683,-1916.088,724.889,-104,-1347,-134,,,2018-06-15 18:45:15.063
5.712311,-19,138,-2121,-29,-83,9,15521.092,-4829.606,-1918.078,725.961,,,,,,2018-06-15 18:45:15.083
5.732361,-20,138,-2123,-28,-84,9,15519.278,-4834.512,-1919.968,727.09,,,,,,2018-06-15 18:45:15.103
5.752289,-13,136,-2141,-27,-84,8,15517.417,-4839.602,-1921.733,728.274,,,,,,2018-06-15 18:45:15.123
5.772278,-26,118,-2132,-27,-84,11,15515.564,-4844.608,-1923.586,729.591,,,,,,2018-06-15 18:45:15.143
5.792267,-5,132,-2126,-27,-84,11,15513.736,-4849.571,-1925.296,730.97,-73,-1459,-114,,,2018-06-15 18:45:15.163
5.812256,-17,112,-2125,-26,-84,11,15511.914,-4854.52,-1927.087,732.065,,,,,,2018-06-15 18:45:15.183
5.832245,-36,126,-2143,-29,-85,11,15510.125,-4859.409,-1928.79,733.063,,,,,,2018-06-15 18:45:15.203
5.852234,-15,113,-2134,-27,-84,8,15508.305,-4864.345,-1930.615,734.027,,,,,,2018-06-15 18:45:15.223
5.872223,-18,127,-2158,-28,-85,7,15506.475,-4869.29,-1932.415,735.162,,,,,,2018-06-15 18:45:15.243
5.892212,-20,142,-2111,-27,-84,9,15504.674,-4874.143,-1934.219,736.24,15,-1832,-125,,,2018-06-15 18:45:15.263
5.912171,-13,114,-2122,-27,-84,8,15502.879,-4878.935,-1936.098,737.369,,,,,,2018-06-15 18:45:15.283
5.93219,-15,124,-2106,-28,-84,9,15501.026,-4883.934,-1937.825,738.68,,,,,,2018-06-15 18:45:15.303
5.952179,-16,120,-2116,-28,-84,11,15499.168,-4888.946,-1939.598,739.858,,,,,,2018-06-15 18:45:15.323
5.972138,-12,112,-2137,-28,-85,8,15497.35,-4893.733,-1941.647,740.929,,,,,,2018-06-15 18:45:15.343
5.992157,-3,116,-2151,-29,-84,9,15495.542,-4898.47,-1943.661,742.14,65,-2095,-164,,,2018-06-15 18:45:15.363
6.012329,-15,137,-2134,-28,-83,9,15493.706,-4903.395,-1945.496,743.151,,,,,,2018-06-15 18:45:15.383
6.032105,-6,120,-2115,-27,-85,7,15491.88,-4908.252,-1947.363,744.262,,,,,,2018-06-15 18:45:15.403
6.052124,-24,118,-2150,-28,-84,11,15490.048,-4913.084,-1949.253,745.561,,,,,,2018-06-15 18:45:15.423
6.072083,-86,79,-2363,-28,-83,9,15488.055,-4918.361,-1951.445,746.432,65,-2095,-164,100141,30700,2018-06-15 18:45:15.443
6.092072,17,137,-2136,-27,-82,8,15486.284,-4923.063,-1953.189,747.628,99,-2250,-231,,,2018-06-15 18:45:15.463
6.112061,-21,116,-2131,-28,-83,9,15484.446,-4927.943,-1954.956,748.928,,,,,,2018-06-15 18:45:15.483
6.13205,-23,129,-2122,-29,-85,11,15482.616,-4932.827,-1956.807,749.783,,,,,,2018-06-15 18:45:15.503
6.152039,-3,130,-2132,-28,-84,9,15480.81,-4937.551,-1958.767,750.855,,,,,,2018-06-15 18:45:15.523
6.172028,-11,121,-2132,-28,-83,7,15478.941,-4942.51,-1960.618,751.926,,,,,,2018-06-15 18:45:15.543
6.192017,-21,121,-2127,-29,-85,9,15477.126,-4947.239,-1962.611,752.977,118,-2360,-342,,,2018-06-15 18:45:15.563
6.212006,-6,138,-2126,-28,-85,9,15475.318,-4951.986,-1964.499,754.012,,,,,,2018-06-15 18:45:15.583
6.231964,-16,144,-2113,-29,-83,8,15473.465,-4956.764,-1966.507,755.417,,,,,,2018-06-15 18:45:15.603
6.251984,-11,117,-2129,-28,-83,11,15471.647,-4961.502,-1968.372,756.684,,,,,,2018-06-15 18:45:15.623
6.271942,-15,124,-2135,-28,-84,9,15469.926,-4965.936,-1970.235,757.936,,,,,,2018-06-15 18:45:15.643
6.291962,-25,122,-2154,-29,-81,8,15468.125,-4970.685,-1972.019,758.932,136,-2347,-398,,,2018-06-15 18:45:15.663
6.311951,-19,114,-2095,-27,-85,8,15466.258,-4975.628,-1973.781,760.02,,,,,,2018-06-15 18:45:15.683
6.331909,-18,131,-2137,-27,-84,11,15464.374,-4980.601,-1975.552,761.171,,,,,,2018-06-15 18:45:15.703
6.351898,-19,116,-2150,-28,-86,11,15462.607,-4985.169,-1977.41,762.339,,,,,,2018-06-15 18:45:15.723
6.371918,-5,112,-2131,-27,-84,9,15460.804,-4989.885,-1979.215,763.369,,,,,,2018-06-15 18:45:15.743
6.391876,-13,123,-2133,-27,-83,8,15458.997,-4994.626,-1980.911,764.564,135,-2348,-402,,,2018-06-15 18:45:15.763
6.411865,-17,127,-2159,-28,-84,9,15457.208,-4999.279,-1982.689,765.713,,,,,,2018-06-15 18:45:15.783
6.431854,-23,117,-2143,-28,-85,9,15455.426,-5003.887,-1984.446,767.018,,,,,,2018-06-15 18:45:15.803
6.451843,2,134,-2119,-28,-83,9,15453.615,-5008.588,-1986.222,768.227,,,,,,2018-06-15 18:45:15.823
6.471832,-16,114,-2124,-28,-85,11,15451.755,-5013.405,-1988.036,769.527,,,,,,2018-06-15 18:45:15.843
6.491821,-32,133,-2114,-30,-85,9,15450.03,-5017.835,-1989.833,770.645,138,-2345,-396,,,2018-06-15 18:45:15.863
6.51181,-18,130,-2139,-28,-83,8,15448.261,-5022.391,-1991.666,771.702,,,,,,2018-06-15 18:45:15.883
6.531799,-17,126,-2171,-28,-84,11,15446.486,-5026.909,-1993.594,772.84,,,,,,2018-06-15 18:45:15.903
6.551788,-6,121,-2119,-28,-83,9,15444.721,-5031.511,-1995.275,773.824,,,,,,2018-06-15 18:45:15.923
6.571777,-12,140,-2140,-27,-84,11,15442.891,-5036.251,-1997.032,774.97,138,-2345,-396,100138,30710,2018-06-15 18:45:15.943
6.591766,-12,132,-2123,-27,-86,9,15441.102,-5040.888,-1998.829,775.838,133,-2330,-398,,,2018-06-15 18:45:15.963
6.611755,2,115,-2125,-27,-83,9,15439.307,-5045.514,-2000.593,776.942,,,,,,2018-06-15 18:45:15.983
6.631745,-15,130,-2135,-29,-83,8,15437.539,-5050.082,-2002.241,778.159,,,,,,2018-06-15 18:45:16.003
6.651703,-16,131,-2137,-27,-83,11,15435.787,-5054.529,-2004.079,779.309,,,,,,2018-06-15 18:45:16.023
6.671692,-27,131,-2142,-28,-83,8,15434.036,-5059.011,-2005.8,780.484,,,,,,2018-06-15 18:45:16.043
6.691681,-17,130,-2140,-28,-83,11,15432.237,-5063.621,-2007.596,781.538,145,-2335,-394,,,2018-06-15 18:45:16.063
6.71164,-33,136,-2137,-28,-83,7,15430.488,-5068.018,-2009.498,782.68,,,,,,2018-06-15 18:45:16.083
6.731659,-28,124,-2134,-29,-82,9,15428.739,-5072.469,-2011.298,783.697,,,,,,2018-06-15 18:45:16.103
6.751618,-37,128,-2158,-27,-84,11,15426.926,-5077.046,-2013.137,785.03,,,,,,2018-06-15 18:45:16.123
6.771607,-25,131,-2115,-28,-84,8,15425.163,-5081.578,-2014.849,785.958,,,,,,2018-06-15 18:45:16.143
6.791596,-5,131,-2126,-28,-85,8,15423.357,-5086.171,-2016.624,787.133,131,-2333,-396,,,2018-06-15 18:45:16.163
6.811585,-15,125,-2144,-27,-84,9,15421.577,-5090.751,-2018.321,788.053,,,,,,2018-06-15 18:45:16.183
6.831574,-11,110,-2139,-27,-84,11,15419.796,-5095.239,-2020.146,789.22,,,,,,2018-06-15 18:45:16.203
6.851563,-10,131,-2124,-28,-84,9,15418.059,-5099.655,-2021.797,790.399,,,,,,2018-06-15 18:45:16.223
6.871552,-12,133,-2110,-28,-81,11,15416.27,-5104.239,-2023.436,791.527,,,,,,2018-06-15 18:45:16.243
6.891541,-9,124,-2137,-26,-82,8,15414.543,-5108.598,-2025.176,792.588,136,-2338,-396,,,2018-06-15 18:45:16.263
6.91153,-32,94,-2114,-27,-83,9,15412.775,-5113.062,-2026.948,793.652,,,,,,2018-06-15 18:45:16.283
6.931519,-14,122,-2152,-28,-85,9,15411.022,-5117.476,-2028.762,794.614,,,,,,2018-06-15 18:45:16.303
6.951569,-18,130,-2141,-27,-83,7,15409.261,-5121.857,-2030.687,795.618,,,,,,2018-06-15 18:45:16.323
6.971497,-12,118,-2127,-30,-83,7,15407.469,-5126.34,-2032.545,796.689,,,,,,2018-06-15 18:45:16.342
6.991486,-4,140,-2140,-27,-84,8,15405.703,-5130.831,-2034.227,797.647,130,-2341,-406,,,2018-06-15 18:45:16.362
7.011475,-18,109,-2105,-28,-84,9,15403.861,-5135.532,-2035.886,798.733,,,,,,2018-06-15 18:45:16.382
7.031464,-14,140,-2133,-27,-85,9,15402.039,-5140.084,-2037.753,799.836,,,,,,2018-06-15 18:45:16.402
7.051422,-22,123,-2106,-29,-83,9,15400.237,-5144.546,-2039.64,801.031,,,,,,2018-06-15 18:45:16.422
7.071411,-16,131,-2145,-27,-84,8,15398.493,-5148.952,-2041.326,801.943,130,-2341,-406,100142,30710,2018-06-15 18:45:16.442
7.0914,-24,112,-2127,-28,-83,6,15396.73,-5153.304,-2043.235,802.993,107,-2335,-371,,,2018-06-15 18:45:16.462
7.111389,-13,120,-2141,-30,-84,9,15394.905,-5157.754,-2045.267,804.231,,,,,,2018-06-15 18:45:16.482
7.131378,-19,127,-2103,-29,-84,9,15393.168,-5162.052,-2047.087,805.276,,,,,,2018-06-15 18:45:16.502
7.151367,-15,128,-2122,-27,-83,7,15391.396,-5166.457,-2048.924,806.217,,,,,,2018-06-15 18:45:16.522
7.171356,-23,120,-2153,-28,-84,8,15389.644,-5170.819,-2050.719,807.139,,,,,,2018-06-15 18:45:16.542
7.191345,-2,130,-2130,-27,-84,7,15387.914,-5175.117,-2052.464,808.134,-53,-1929,-87,,,2018-06-15 18:45:16.562
7.211334,-28,118,-2109,-29,-84,8,15386.115,-5179.687,-2053.992,809.235,,,,,,2018-06-15 18:45:16.582
7.231323,10,122,-2121,-27,-85,8,15384.358,-5184.055,-2055.661,810.426,,,,,,2018-06-15 18:45:16.602
7.251312,-19,137,-2136,-27,-84,8,15382.513,-5188.66,-2057.462,811.418,,,,,,2018-06-15 18:45:16.622
7.271301,-6,136,-2146,-28,-87,8,15380.781,-5192.936,-2059.206,812.465,,,,,,2018-06-15 18:45:16.642
7.29129,-12,136,-2137,-28,-83,8,15378.99,-5197.298,-2061.111,813.639,-169,-1861,-31,,,2018-06-15 18:45:16.662
7.311279,-5,132,-2123,-28,-84,8,15377.271,-5201.562,-2062.848,814.479,,,,,,2018-06-15 18:45:16.682
7.331268,-22,129,-2162,-27,-85,6,15375.562,-5205.788,-2064.532,815.483,,,,,,2018-06-15 18:45:16.702
7.351227,-1,124,-2114,-28,-84,9,15373.785,-5210.105,-2066.393,816.692,,,,,,2018-06-15 18:45:16.722
7.371246,-26,130,-2129,-30,-83,9,15372.045,-5214.388,-2068.071,817.876,,,,,,2018-06-15 18:45:16.742
7.391205,5,118,-2103,-28,-83,8,15370.228,-5218.881,-2069.807,818.964,-347,-2134,14,,,2018-06-15 18:45:16.762
7.411224,-16,117,-2149,-29,-83,9,15368.445,-5223.26,-2071.561,820.07,,,,,,2018-06-15 18:45:16.782
7.431183,-19,132,-2139,-30,-83,9,15366.673,-5227.654,-2073.143,821.277,,,,,,2018-06-15 18:45:16.802
7.451172,-23,126,-2125,-28,-85,9,15364.963,-5231.89,-2074.708,822.347,,,,,,2018-06-15 18:45:16.822
7.471161,-5,126,-2124,-28,-84,9,15363.211,-5236.154,-2076.483,823.454,,,,,,2018-06-15 18:45:16.842
7.49115,-3,128,-2152,-28,-84,11,15361.521,-5240.343,-2078.08,824.313,-534,-2469,-6,,,2018-06-15 18:45:16.862
7.511139,-23,112,-2131,-28,-85,8,15359.852,-5244.463,-2079.611,825.346,,,,,,2018-06-15 18:45:16.882
7.531128,-12,118,-2129,-27,-83,9,15358.105,-5248.703,-2081.326,826.586,,,,,,2018-06-15 18:45:16.902
7.551117,-3,120,-2135,-28,-83,9,15356.404,-5252.895,-2082.915,827.555,,,,,,2018-06-15 18:45:16.922
7.571106,-18,121,-2139,-27,-84,8,15354.607,-5257.225,-2084.781,828.694,-534,-2469,-6,100141,30710,2018-06-15 18:45:16.942
7.591095,-26,121,-2142,-30,-84,9,15352.809,-5261.591,-2086.587,829.762,-660,-2770,3,,,2018-06-15 18:45:16.962
7.611084,-24,132,-2143,-28,-84,11,15351.089,-5265.72,-2088.351,830.946,,,,,,2018-06-15 18:45:16.982
7.631073,-26,125,-2144,-29,-84,11,15349.364,-5269.921,-2089.966,832.13,,,,,,2018-06-15 18:45:17.002
7.651032,-18,111,-2121,-28,-83,11,15347.643,-5274.081,-2091.615,833.371,,,,,,2018-06-15 18:45:17.022
7.671021,-3,136,-2117,-28,-83,11,15345.845,-5278.396,-2093.441,834.573,,,,,,2018-06-15 18:45:17.042
7.69101,-25,118,-2129,-30,-85,9,15344.066,-5282.671,-2095.134,835.991,-828,-3234,-46,,,2018-06-15 18:45:17.062
7.711029,19,324,-1963,-29,-85,11,15342.138,-5288.452,-2094.501,836.396,,,,,,2018-06-15 18:45:17.082
7.731018,0,148,-2142,13,-81,8,15340.631,-5292.561,-2094.999,836.801,,,,,,2018-06-15 18:45:17.102
7.750977,-5,132,-2117,-17,-82,9,15339.028,-5297.014,-2095.186,837.558,,,,,,2018-06-15 18:45:17.122
7.770966,5,146,-2140,-21,-84,11,15337.467,-5301.07,-2096.084,838.229,,,,,,2018-06-15 18:45:17.142
7.790955,-10,123,-2121,-24,-82,7,15335.845,-5305.139,-2097.352,838.984,-938,-3571,-315,,,2018-06-15 18:45:17.162
7.810944,-28,130,-2111,-25,-83,8,15334.255,-5309.174,-2098.454,839.77,,,,,,2018-06-15 18:45:17.182
7.830933,-22,101,-2130,-23,-82,8,15332.664,-5313.14,-2099.656,840.731,,,,,,2018-06-15 18:45:17.202
7.850922,-12,138,-2101,-25,-84,9,15331.068,-5317.179,-2100.765,841.545,,,,,,2018-06-15 18:45:17.222
7.870911,-14,128,-2134,-25,-84,9,15329.446,-5321.193,-2102.08,842.424,,,,,,2018-06-15 18:45:17.242
7.8909,-3,123,-2135,-26,-84,9,15327.766,-5325.32,-2103.456,843.478,-1007,-3712,-619,,,2018-06-15 18:45:17.262
7.910889,-12,135,-2127,-26,-84,9,15326.146,-5329.24,-2104.808,844.778,,,,,,2018-06-15 18:45:17.282
7.930878,-17,128,-2150,-26,-82,8,15324.524,-5333.222,-2106.11,845.829,,,,,,2018-06-15 18:45:17.302
7.950867,-18,124,-2100,-27,-84,9,15322.85,-5337.296,-2107.561,846.844,,,,,,2018-06-15 18:45:17.322
7.970856,-22,138,-2155,-26,-83,8,15321.218,-5341.218,-2109.058,847.922,,,,,,2018-06-15 18:45:17.342
7.990814,-17,137,-2139,-28,-84,9,15319.597,-5345.103,-2110.449,849.26,-1012,-3712,-606,,,2018-06-15 18:45:17.362
8.010803,-13,115,-2133,-27,-82,11,15318.026,-5348.857,-2111.913,850.336,,,,,,2018-06-15 18:45:17.382
8.030792,-7,134,-2127,-26,-83,9,15316.405,-5352.755,-2113.379,851.364,,,,,,2018-06-15 18:45:17.402
8.050812,-34,127,-2133,-26,-82,11,15314.732,-5356.789,-2114.84,852.455,,,,,,2018-06-15 18:45:17.422
8.070801,-18,142,-2144,-27,-83,9,15313.102,-5360.642,-2116.446,853.534,-1012,-3712,-606,100142,30710,2018-06-15 18:45:17.442
8.090759,-11,136,-2132,-28,-83,11,15311.413,-5364.64,-2118.101,854.604,-1013,-3709,-598,,,2018-06-15 18:45:17.462
8.110748,-7,133,-2141,-29,-83,9,15309.731,-5368.578,-2119.793,855.816,,,,,,2018-06-15 18:45:17.482
8.130737,-7,116,-2117,-28,-83,11,15308.101,-5372.447,-2121.306,856.946,,,,,,2018-06-15 18:45:17.502
8.150726,-23,114,-2119,-29,-83,7,15306.473,-5376.321,-2122.725,858.215,,,,,,2018-06-15 18:45:17.522
8.170776,-29,132,-2122,-28,-82,9,15304.843,-5380.239,-2124.134,859.246,,,,,,2018-06-15 18:45:17.542
8.190704,-8,130,-2111,-26,-83,9,15303.194,-5384.115,-2125.721,860.409,-1024,-3681,-606,,,2018-06-15 18:45:17.562
; 8 stopping logging: shutdown: switched off,,,,,,,,,,,,,,,,